idx,CHILD_SEX,IDD_SCORE,AGE,HHID_count,HH_AGE,FOOD_EXPENSE_WEEKLY,NON-FOOD_EXPENSE_WEEKLY,HDD_SCORE,FOOD_INSECURITY,YoungBoys,YoungGirls,AverageMonthlyIncome,BEN_4PS,AREA_TYPE,FOOD_EXPENSE_WEEKLY_pc,NON-FOOD_EXPENSE_WEEKLY_pc,AverageMonthlyIncome_pc
CV924,0,7,5,4,21.5,1457.5,4843.75,8,3,1,0,3,2,0,364.375,1210.9375,0.75
CV931,0,5,10,4,18,1524.58,777.3925,6,3,0,1,2,1,0,381.145,194.348125,0.5
CV977,1,7,5,3,28,2250,118.75,8,2,0,1,4,1,0,750,39.58333333,1.333333333
CV915,1,7,9,4,29.75,2210,4020.5,9,4,-999,-999,2,2,0,552.5,1005.125,0.5
CV1755,1,6,8,7,22.85714286,1390,2472,7,4,-999,-999,1,2,0,198.5714286,353.1428571,0.142857143
CV909,0,6,11,5,18.4,1474,1057.75,7,3,1,0,2,1,0,294.8,211.55,0.4
CV1296,0,6,10,4,26,1094,522,9,3,-999,-999,3,1,0,273.5,130.5,0.75
CV1121,1,6,11,7,31.71428571,5504.5,2590.8325,8,3,-999,-999,2,2,0,786.3571429,370.1189286,0.285714286
CV1758,0,7,9,7,28.42857143,2030,506.25,7,1,-999,-999,3,1,0,290,72.32142857,0.428571429
CV923,0,6,5,6,20.16666667,141,387.75,5,4,1,0,1,1,0,23.5,64.625,0.166666667
CV910,0,6,10,8,28.625,2082,13953,8,2,1,0,3,2,0,260.25,1744.125,0.375
CV1168,1,5,7,9,24.66666667,3342,52.5,7,3,2,0,4,1,0,371.3333333,5.833333333,0.444444444
CV1471,0,7,7,6,17.33333333,1028,1283.75,7,4,1,0,2,2,0,171.3333333,213.9583333,0.333333333
CV1463,1,7,9,5,18.4,2044,1436.75,9,3,-999,-999,2,1,0,408.8,287.35,0.4
CV1004,1,6,9,8,15.25,1081,532.5,7,4,0,1,1,2,0,135.125,66.5625,0.125
CV1304,0,6,11,4,34,1927,4795,9,1,-999,-999,4,2,0,481.75,1198.75,1
CV1662,0,6,9,10,26.6,1547,2140.25,9,3,1,1,3,1,0,154.7,214.025,0.3
CV1385,0,6,10,8,18.875,10222,1092.5,8,4,1,2,1,2,0,1277.75,136.5625,0.125
CV1305,0,6,14,8,16.375,1817,125,7,4,2,0,1,1,0,227.125,15.625,0.125
CV1629,0,3,5,13,34.8,3945,4046.25,9,4,1,0,5,1,0,303.4615385,311.25,0.384615385
CV1665,0,6,6,7,15,1756,5169,7,4,1,0,1,1,0,250.8571429,738.4285714,0.142857143
CV983,1,7,5,3,32.33333333,1971,1211,8,1,0,1,5,1,0,657,403.6666667,1.666666667
CV1462,0,3,10,6,18.33333333,3619,2413,9,3,1,0,3,2,0,603.1666667,402.1666667,0.5
CV1468,1,6,6,5,22,1577.5,2371.25,9,4,-999,-999,4,1,0,315.5,474.25,0.8
CV929,0,7,6,4,16,1713.5,352.5,8,3,0,1,1,1,0,428.375,88.125,0.25
CV1473,1,4,10,6,22.5,2406,3712.5,8,1,1,0,3,2,0,401,618.75,0.5
CV1000,1,8,11,5,22.2,3122,4438.185,9,1,1,0,8,1,0,624.4,887.637,1.6
CV1518,0,7,10,6,20.5,1716,2293.75,9,3,-999,-999,3,2,0,286,382.2916667,0.5
CV1614,0,8,11,6,32.83333333,1969,791.25,7,2,-999,-999,2,2,0,328.1666667,131.875,0.333333333
CV994,1,5,11,3,24.66666667,1802.5,2920,9,2,-999,-999,6,1,0,600.8333333,973.3333333,2
CV1220,0,6,9,7,19.57142857,2038,2962.5,8,4,1,0,2,2,0,291.1428571,423.2142857,0.285714286
CV914,0,7,5,3,29.33333333,1135,318,7,4,1,0,1,1,0,378.3333333,106,0.333333333
CV1300,0,8,5,5,15.8,1478,1359.25,6,4,2,0,1,1,0,295.6,271.85,0.2
CV1654,1,6,5,7,29.14285714,8830,700,8,3,1,1,6,1,0,1261.428571,100,0.857142857
CV845,0,3,10,4,19.75,2422,465.5,7,4,1,0,1,1,0,605.5,116.375,0.25
CV1737,0,5,5,7,30.85714286,1849,14824,8,3,1,0,1,1,0,264.1428571,2117.714286,0.142857143
CV1472,1,7,10,6,18.33333333,2863,12371.75,9,3,-999,-999,2,2,0,477.1666667,2061.958333,0.333333333
CV1526,0,7,10,7,22.71428571,2985,36175,9,1,1,0,5,1,0,426.4285714,5167.857143,0.714285714
CV1162,0,6,13,5,25.6,7180,14726.5,8,4,-999,-999,5,1,0,1436,2945.3,1
CV908,0,6,12,6,15.5,2328,1657.5,8,4,1,0,3,2,0,388,276.25,0.5
CV840,0,6,9,5,13,1807,13554.75,9,3,2,0,1,1,0,361.4,2710.95,0.2
CV1748,0,6,6,8,31.5,1074,575,8,4,-999,-999,4,0,0,134.25,71.875,0.5
CV1648,1,3,7,8,17.875,4590,1590,9,4,1,1,1,2,0,573.75,198.75,0.125
CV799,0,6,10,3,25.66666667,527,249.6675,8,3,-999,-999,2,2,0,175.6666667,83.2225,0.666666667
CV1131,1,6,5,5,20.6,1068,362.25,9,3,1,1,2,1,0,213.6,72.45,0.4
CV1527,1,4,7,5,20.6,4469,1822.925,9,4,-999,-999,3,2,0,893.8,364.585,0.6
CV1747,1,6,5,7,18.14285714,1511,1297.5,9,4,0,2,2,1,0,215.8571429,185.3571429,0.285714286
CV1115,1,4,9,5,39.2,2265,26086.24,8,1,-999,-999,2,1,0,453,5217.248,0.4
CV1310,0,6,10,5,25.2,677,1255,8,1,-999,-999,3,1,0,135.4,251,0.6
CV1218,1,7,5,4,23.5,1301,535,8,3,0,1,2,2,0,325.25,133.75,0.5
CV1650,0,6,5,6,23.16666667,1679,1843.75,9,3,0,1,1,2,0,279.8333333,307.2916667,0.166666667
CV1380,1,8,5,5,33,1305,715,8,3,0,1,2,1,0,261,143,0.4
CV1714,0,5,7,8,16.125,1774,707.0825,8,2,1,0,2,2,0,221.75,88.3853125,0.25
CV1311,1,5,7,8,18.85714286,1123,65,4,4,1,2,1,1,0,140.375,8.125,0.125
CV1809,1,6,7,11,22.72727273,6476,2740.25,8,3,-999,-999,2,2,0,588.7272727,249.1136364,0.181818182
CV431,0,3,5,4,13.33333333,2862,973.25,9,3,1,1,3,1,0,715.5,243.3125,0.75
CV1388,1,7,11,5,28.4,741,157.75,9,4,-999,-999,1,2,0,148.2,31.55,0.2
CV1383,0,6,5,6,13.5,6407.5,596.25,9,1,1,1,6,2,0,1067.916667,99.375,1
CV1382,0,7,5,5,22.4,1136.5,15964.75,9,3,1,0,2,2,0,227.3,3192.95,0.4
CV1118,0,6,5,4,27.5,1098,251.25,8,3,1,0,1,1,0,274.5,62.8125,0.25
CV1275,1,7,6,4,51,1181,1098.75,9,3,-999,-999,1,1,0,295.25,274.6875,0.25
CV966,1,5,8,3,21.66666667,642,58.5,9,4,-999,-999,1,1,0,214,19.5,0.333333333
CV1129,0,6,6,4,24,412.5,392.71,9,3,-999,-999,1,1,0,103.125,98.1775,0.25
CV1130,0,7,7,6,23.16666667,855,2075,8,1,-999,-999,3,2,0,142.5,345.8333333,0.5
CV1389,0,4,12,8,19.625,1279,208.25,5,3,0,1,2,2,0,159.875,26.03125,0.25
CV1409,0,7,9,6,21.66666667,2600,3610.625,9,2,-999,-999,2,2,0,433.3333333,601.7708333,0.333333333
CV1156,0,7,4,4,24.25,997,220.5,9,1,1,0,2,1,0,249.25,55.125,0.5
CV964,0,7,5,3,20,1723,337.25,9,2,1,0,1,1,0,574.3333333,112.4166667,0.333333333
CV1414,0,6,5,6,15.33333333,1241.5,1172.0825,9,3,2,0,3,2,0,206.9166667,195.3470833,0.5
CV906,1,3,5,4,15.5,2594.5,1117.5,9,3,1,1,2,1,0,648.625,279.375,0.5
CV1381,1,6,5,5,19,1139,989.75,7,3,0,1,1,1,0,227.8,197.95,0.2
CV1216,0,6,8,6,17.16666667,2175,589.5,9,3,1,1,2,1,0,362.5,98.25,0.333333333
CV1157,1,7,6,5,23.2,3115,1185.5,9,4,-999,-999,2,1,0,623,237.1,0.4
CV1456,1,6,8,7,23.42857143,1392.67,692.875,9,3,0,1,3,1,0,198.9528571,98.98214286,0.428571429
CV1408,0,6,11,6,21.33333333,1089,1883.75,8,2,0,1,2,1,0,181.5,313.9583333,0.333333333
CV1152,1,7,7,6,37.33333333,2359,716.77,8,4,-999,-999,2,2,0,393.1666667,119.4616667,0.333333333
CV881,1,7,9,4,18.75,1027,938.335,9,3,0,1,2,1,0,256.75,234.58375,0.5
CV1745,0,5,12,8,22.25,2275,1507.5,8,3,-999,-999,5,1,0,284.375,188.4375,0.625
CV971,1,7,12,5,16.4,911,670.25,9,4,1,0,1,1,0,182.2,134.05,0.2
CV1127,0,8,5,4,19,1229,380.75,9,3,1,0,3,1,0,307.25,95.1875,0.75
CV1713,0,6,11,7,26.28571429,1293,736.25,8,4,-999,-999,1,2,0,184.7142857,105.1785714,0.142857143
CV873,1,6,5,4,14,4107,729.75,9,1,1,1,9,1,0,1026.75,182.4375,2.25
CV1232,0,6,8,5,20,2490,6510,9,1,1,0,4,1,0,498,1302,0.8
CV978,0,5,8,3,22.33333333,1149,1946.25,7,3,-999,-999,2,1,0,383,648.75,0.666666667
CV990,1,6,8,3,14,3120,2383.335,9,1,1,0,8,1,0,1040,794.445,2.666666667
CV919,0,8,11,5,16.8,2460,1517.5,7,4,-999,-999,3,2,0,492,303.5,0.6
CV1231,0,7,6,5,16.8,2460,1517.5,7,4,-999,-999,3,2,0,492,303.5,0.6
CV1418,1,3,7,6,17.5,1966,751.25,9,4,0,1,2,1,0,327.6666667,125.2083333,0.333333333
CV1453,0,2,5,5,31.2,7207.5,1622.5,8,4,1,0,9,1,0,1441.5,324.5,1.8
CV1208,0,3,8,5,35.4,2380,1288.75,9,3,-999,-999,4,1,0,476,257.75,0.8
CV804,1,6,7,4,21.5,2601,1317.5,7,4,1,0,1,1,0,650.25,329.375,0.25
CV1416,1,8,5,5,15.4,644,506.75,7,4,0,1,1,2,0,128.8,101.35,0.2
CV1511,0,7,8,6,16.83333333,1899,2803.5,9,4,1,0,1,2,0,316.5,467.25,0.166666667
CV1828,1,8,9,10,21.1,1942,2498.5,9,3,1,0,1,1,0,194.2,249.85,0.1
CV763,0,5,6,4,16.605,1742,110.375,7,4,0,1,1,2,0,435.5,27.59375,0.25
CV1112,1,4,6,5,15,1430,513.75,9,3,0,1,1,2,0,286,102.75,0.2
CV962,0,4,6,5,14.4,1620,3382.5,9,2,0,2,2,2,0,324,676.5,0.4
CV899,1,3,9,3,17.33333333,2774,3762.5,9,4,-999,-999,1,2,0,924.6666667,1254.166667,0.333333333
CV767,0,4,11,6,18.16666667,625,2000,5,4,0,1,1,2,0,104.1666667,333.3333333,0.166666667
CV879,1,5,11,3,37,379,109,7,3,-999,-999,1,2,0,126.3333333,36.33333333,0.333333333
CV1695,0,4,11,10,22,1800,1490,7,3,-999,-999,1,2,0,180,149,0.1
CV766,0,5,12,6,18.33333333,700,75,8,4,0,1,1,2,0,116.6666667,12.5,0.166666667
CV765,0,6,11,4,22.25,606,277.5,9,4,-999,-999,1,2,0,151.5,69.375,0.25
CV1608,0,6,5,6,26.83333333,1005,301.25,9,4,1,0,1,1,0,167.5,50.20833333,0.166666667
CV1431,1,7,12,7,18.85714286,896,724.8325,8,4,0,1,1,1,0,128,103.5475,0.142857143
CV1209,0,7,9,5,19,1129,179.75,9,2,0,1,2,2,0,225.8,35.95,0.4
CV1446,1,6,8,8,18.625,2757,1171.455,9,3,1,1,3,2,0,344.625,146.431875,0.375
CV1417,1,6,10,6,24.83333333,844,164,8,3,-999,-999,1,1,0,140.6666667,27.33333333,0.166666667
CV1286,1,6,9,5,19.6,1569,935,9,4,0,1,3,2,0,313.8,187,0.6
CV1707,0,6,5,7,21.42857143,3975,2188.5,9,3,1,0,4,2,0,567.8571429,312.6428571,0.571428571
CV1387,1,6,11,6,19.83333333,1656,398.5,9,2,0,1,1,2,0,276,66.41666667,0.166666667
CV1230,1,7,5,5,16.4,1590,4775,8,3,1,1,3,1,0,318,955,0.6
CV1123,0,8,9,5,19.2,3126,590.75,9,2,-999,-999,4,1,0,625.2,118.15,0.8
CV981,1,6,8,6,12.83333333,1056,1338.75,9,4,2,0,1,1,0,176,223.125,0.166666667
CV1169,1,4,10,4,26,1806,1897.25,8,1,-999,-999,1,1,0,451.5,474.3125,0.25
CV1751,1,6,7,8,17,2510,445,9,3,1,0,1,2,0,313.75,55.625,0.125
CV1623,0,4,8,10,16.9,2313,2260,9,3,1,1,1,1,0,231.3,226,0.1
CV1620,0,7,9,6,24.83333333,2809,678.4175,9,2,-999,-999,3,2,0,468.1666667,113.0695833,0.5
CV1753,1,5,5,7,21.14285714,632.5,1067.5,9,4,0,1,1,2,0,90.35714286,152.5,0.142857143
CV1420,1,5,5,5,26.6,894,309.25,6,4,0,1,1,2,0,178.8,61.85,0.2
CV847,1,3,7,4,17.5,744,317.5,9,3,0,1,1,1,0,186,79.375,0.25
CV979,1,6,9,5,21.2,1350,425,9,3,1,0,1,1,0,270,85,0.2
CV1171,0,5,8,5,19,834,1104.25,8,4,-999,-999,1,1,0,166.8,220.85,0.2
CV1295,1,7,11,5,26,2603,480.415,9,3,-999,-999,4,1,0,520.6,96.083,0.8
CV1141,0,2,10,7,20.28571429,833,729.5,6,4,0,2,1,2,0,119,104.2142857,0.142857143
CV1613,0,5,10,6,28.33333333,1929,5490,8,3,-999,-999,1,1,0,321.5,915,0.166666667
CV1493,0,6,6,6,19.33333333,2237,231,6,4,1,0,1,1,0,372.8333333,38.5,0.166666667
CV1622,1,5,8,6,26.83333333,2595,582.5,9,4,-999,-999,1,2,0,432.5,97.08333333,0.166666667
CV1194,0,6,7,6,16.16666667,1743,5371.75,9,3,1,1,2,2,0,290.5,895.2916667,0.333333333
CV791,1,4,10,5,17,421,298.25,6,3,-999,-999,1,2,0,84.2,59.65,0.2
CV1273,0,5,10,5,24.6,4960,838.75,9,4,1,0,1,2,0,992,167.75,0.2
CV1834,0,6,12,11,12.36363636,1604,429.75,9,4,1,3,1,2,0,145.8181818,39.06818182,0.090909091
CV792,0,5,14,7,16.57142857,1001,122,9,3,-999,-999,1,2,0,143,17.42857143,0.142857143
CV833,0,3,13,5,18.6,545,302,8,4,-999,-999,1,2,0,109,60.4,0.2
CV1228,1,5,5,4,34.75,2002,2105.75,9,4,0,1,1,2,0,500.5,526.4375,0.25
CV1229,0,7,5,6,28.83333333,2092,3090.75,8,4,2,0,1,1,0,348.6666667,515.125,0.166666667
CV1196,0,7,6,4,22.25,1620,1386,8,4,-999,-999,2,2,0,405,346.5,0.5
CV823,1,7,9,4,19.5,1236,306.83,9,3,-999,-999,2,1,0,309,76.7075,0.5
CV1796,0,6,8,9,30,2014,401.415,9,3,0,1,2,2,0,223.7777778,44.60166667,0.222222222
CV1289,1,7,10,5,21,1040,4345,8,4,-999,-999,1,2,0,208,869,0.2
CV1786,1,5,5,8,32.875,2472,6442,9,2,0,1,4,1,0,309,805.25,0.5
CV989,0,4,11,6,17.16666667,1552,165.9375,9,3,-999,-999,2,2,0,258.6666667,27.65625,0.333333333
CV1085,1,6,5,4,23.5,3388,6817.08,9,3,0,1,5,1,0,847,1704.27,1.25
CV938,0,4,5,4,15.25,1150,615,9,4,1,1,1,1,0,287.5,153.75,0.25
CV829,0,5,7,3,24.33333333,1535,850.83,9,3,-999,-999,1,2,0,511.6666667,283.61,0.333333333
CV1402,0,5,9,5,26.4,5600,5655.75,9,3,-999,-999,9,1,0,1120,1131.15,1.8
CV1481,1,4,5,5,23.4,2939.5,3130,9,3,0,1,2,2,0,587.9,626,0.4
CV934,1,6,12,9,19.88888889,1594,772.5,8,4,-999,-999,1,1,0,177.1111111,85.83333333,0.111111111
CV789,0,5,8,3,22.33333333,3049,2116.5,9,2,-999,-999,3,1,0,1016.333333,705.5,1
CV936,1,4,5,5,23,1179,783,8,2,0,1,2,2,0,235.8,156.6,0.4
CV1730,0,7,5,8,23,1405,425.5,8,4,1,1,1,2,0,175.625,53.1875,0.125
CV1479,1,6,5,5,18.4,1545,875,8,2,0,1,1,1,0,309,175,0.2
CV761,0,5,6,4,21.5,1670,308.5,9,3,0,1,1,1,0,417.5,77.125,0.25
CV944,0,3,6,4,15,2133,839.75,9,1,0,1,1,1,0,533.25,209.9375,0.25
CV1245,1,6,10,4,25,4636,1831.25,9,2,-999,-999,1,2,0,1159,457.8125,0.25
CV1742,0,4,10,7,23,3065,2687.5,8,4,-999,-999,4,2,0,437.8571429,383.9285714,0.571428571
CV941,0,7,12,6,18.16666667,1444,820,8,4,1,0,1,1,0,240.6666667,136.6666667,0.166666667
CV1435,0,6,10,7,17.28571429,2636,737.5,9,3,0,1,3,2,0,376.5714286,105.3571429,0.428571429
CV937,0,5,6,3,21.33333333,1373,1940,9,3,-999,-999,3,1,0,457.6666667,646.6666667,1
CV897,0,4,8,4,21.33333333,1634,2506,9,2,-999,-999,6,1,0,408.5,626.5,1.5
CV953,1,6,12,5,18.4,5966,300.75,9,4,0,1,5,2,0,1193.2,60.15,1
CV1251,1,8,22,4,37.75,2598,961.75,6,1,-999,-999,2,1,0,649.5,240.4375,0.5
CV935,0,6,9,4,22,4784,1120,9,4,1,0,2,2,0,1196,280,0.5
CV1363,0,3,6,5,32.2,2641,5085,9,3,-999,-999,2,1,0,528.2,1017,0.4
CV1086,0,7,9,4,36.25,2117,27283.75,9,1,-999,-999,2,1,0,529.25,6820.9375,0.5
CV959,0,6,10,4,19.5,2653,387.75,9,2,-999,-999,2,1,0,663.25,96.9375,0.5
CV693,0,4,8,4,17.75,2194,1060.21,9,1,1,0,6,1,0,548.5,265.0525,1.5
CV1567,0,4,5,6,16,4186,2617.75,9,3,1,0,2,1,0,697.6666667,436.2916667,0.333333333
CV948,1,6,6,4,14.5,1925,730,9,1,0,1,1,1,0,481.25,182.5,0.25
CV677,1,3,6,4,15.4575,1545,601.25,9,2,1,0,2,1,0,386.25,150.3125,0.5
CV1014,0,5,10,5,47,1593,297.75,9,2,-999,-999,2,1,0,318.6,59.55,0.4
CV1096,0,3,11,5,25.2,1457,3900.5,9,2,-999,-999,3,2,0,291.4,780.1,0.6
CV1099,1,5,11,4,23.75,1002,1037.5,9,2,-999,-999,1,2,0,250.5,259.375,0.25
CV1260,0,7,8,5,20,3074,686.165,9,3,-999,-999,2,1,0,614.8,137.233,0.4
CV772,0,5,10,3,31.33333333,2247,1538.625,9,1,-999,-999,7,1,0,749,512.875,2.333333333
CV1864,0,4,11,13,28.33333333,3301,3850,9,3,-999,-999,3,1,0,253.9230769,296.1538462,0.230769231
CV1482,0,6,5,5,17.4,3315,609.25,7,3,1,0,4,1,0,663,121.85,0.8
CV1259,1,7,5,5,15.6,2692,2030.75,8,4,0,2,3,1,0,538.4,406.15,0.6
CV1639,1,5,6,6,22,4425,2810.5,9,2,-999,-999,5,2,0,737.5,468.4166667,0.833333333
CV1011,0,5,10,5,21.6,4599,1484.5,9,2,1,0,3,1,0,919.8,296.9,0.6
CV1512,1,6,11,8,17,2356,1875,9,4,1,0,1,2,0,294.5,234.375,0.125
CV1013,0,7,10,5,18.8,1060,881.25,9,1,-999,-999,1,2,0,212,176.25,0.2
CV1324,1,8,11,6,11,2315,1626.75,8,3,-999,-999,3,2,0,385.8333333,271.125,0.5
CV1316,1,6,5,5,20.4,1695,700,8,2,0,1,0,2,0,339,140,0
CV1568,1,7,8,8,25.875,2000,719.75,8,2,1,1,5,1,0,250,89.96875,0.625
CV951,1,5,7,8,32.375,1657,1268.4125,9,2,-999,-999,3,2,0,207.125,158.5515625,0.375
CV675,1,5,8,5,14.8,2106,1021.5,6,3,1,0,3,1,0,421.2,204.3,0.6
CV1535,1,7,10,8,17.375,1407,1648.75,9,4,0,1,1,2,0,175.875,206.09375,0.125
CV679,1,6,6,3,22.66666667,1192.75,333.335,9,3,-999,-999,1,1,0,397.5833333,111.1116667,0.333333333
CV771,1,6,8,4,16.5,1313,1482.5,8,2,1,0,4,2,0,328.25,370.625,1
CV1872,1,6,7,12,30.58333333,2318,924,8,3,0,1,7,1,0,193.1666667,77,0.583333333
CV1317,0,6,6,6,19.5,1462,281.25,9,2,0,1,1,1,0,243.6666667,46.875,0.166666667
CV617,0,5,6,2,19,397,743.3325,6,4,-999,-999,1,1,0,198.5,371.66625,0.5
CV1255,1,6,8,4,30.5,2825,2420,8,2,-999,-999,6,1,0,706.25,605,1.5
CV890,0,6,6,4,22,4121,3141.25,8,4,0,1,1,1,0,1030.25,785.3125,0.25
CV1856,0,5,5,11,22.90909091,2139.5,1356.75,8,3,1,0,2,1,0,194.5,123.3409091,0.181818182
CV862,0,6,5,3,41,670.33,25.1675,8,4,1,0,1,1,0,223.4433333,8.389166667,0.333333333
CV1175,0,2,8,5,23.2,2283.5,3477.25,8,2,-999,-999,8,1,0,456.7,695.45,1.6
CV856,1,6,6,3,36,1898,528.75,9,3,-999,-999,1,1,0,632.6666667,176.25,0.333333333
CV1784,1,7,10,8,16.875,2281,1835.75,9,3,0,2,4,2,0,285.125,229.46875,0.5
CV1203,0,5,10,5,22.8,1292,469.75,6,4,-999,-999,2,2,0,258.4,93.95,0.4
CV816,0,6,11,4,21.5,1199,3121.5,8,4,-999,-999,1,2,0,299.75,780.375,0.25
CV1603,0,7,11,7,21.57142857,2112,332.25,9,2,-999,-999,1,2,0,301.7142857,47.46428571,0.142857143
CV1440,1,5,13,9,17.33333333,818,1124.75,6,4,0,1,1,2,0,90.88888889,124.9722222,0.111111111
CV1583,0,6,5,6,14.33333333,1235,907.25,8,4,2,0,1,2,0,205.8333333,151.2083333,0.166666667
CV1201,0,8,5,5,36.6,2668,4864.5,9,1,1,0,8,1,0,533.6,972.9,1.6
CV1720,1,7,5,10,17.8,1470,538.75,8,3,0,2,1,2,0,147,53.875,0.1
CV1173,1,6,7,4,22.25,1003,868.25,9,3,-999,-999,2,1,0,250.75,217.0625,0.5
CV1790,0,6,7,10,14,2067,674.75,9,4,0,2,1,1,0,206.7,67.475,0.1
CV1132,1,7,9,4,26,2153,2277.5,9,3,-999,-999,1,2,0,538.25,569.375,0.25
CV818,1,7,10,5,25.6,1924,164.25,9,3,-999,-999,0,2,0,384.8,32.85,0
CV830,0,7,13,5,20,1766.5,5004.25,9,3,-999,-999,2,2,0,353.3,1000.85,0.4
CV864,0,5,11,5,19.4,2482,877.375,9,2,-999,-999,4,1,0,496.4,175.475,0.8
CV1616,1,5,13,6,30.66666667,872,445.75,8,4,-999,-999,1,2,0,145.3333333,74.29166667,0.166666667
CV870,0,3,5,4,15.75,876,314.25,6,4,1,0,1,1,0,219,78.5625,0.25
CV814,0,8,5,3,19.33333333,1019.5,3467.5,9,2,1,0,4,1,0,339.8333333,1155.833333,1.333333333
CV861,0,6,7,4,17.5,989,1030.25,7,2,0,1,2,1,0,247.25,257.5625,0.5
CV1443,1,3,7,7,26.14285714,1994,1099.25,8,4,0,2,1,1,0,284.8571429,157.0357143,0.142857143
CV526,0,4,8,4,14.66666667,0,0,0,0,-999,-999,7,2,0,0,0,1.75
CV1602,1,7,12,8,30.25,2042,1925,8,4,-999,-999,1,1,0,255.25,240.625,0.125
CV857,0,4,11,3,24,1590,1334,9,3,-999,-999,5,1,0,530,444.6666667,1.666666667
CV1183,0,6,5,4,31.25,1801,592.25,8,3,1,0,1,1,0,450.25,148.0625,0.25
CV1429,0,6,5,7,12.85714286,510.5,340.645,7,3,2,1,2,1,0,72.92857143,48.66357143,0.285714286
CV815,0,8,5,7,27.57142857,1794,1822.5,7,3,2,0,4,1,0,256.2857143,260.3571429,0.571428571
CV1176,0,7,8,7,12.5,823,176,8,3,1,2,1,1,0,117.5714286,25.14285714,0.142857143
CV551,1,5,7,2,16.5,1691,111.395,7,3,-999,-999,1,1,0,845.5,55.6975,0.5
CV1149,0,6,11,6,14,1745,555.25,8,4,1,1,3,1,0,290.8333333,92.54166667,0.5
CV854,0,3,12,4,36.25,293,286.75,6,3,-999,-999,1,2,0,73.25,71.6875,0.25
CV1036,1,6,5,6,16,875,135,9,3,2,1,1,1,0,145.8333333,22.5,0.166666667
CV779,1,3,5,5,26.6,1445,1227.25,8,2,0,2,1,2,0,289,245.45,0.2
CV1057,1,7,5,4,30,1119,324,9,4,0,1,1,2,0,279.75,81,0.25
CV778,0,4,8,4,25,1248,582.5,8,4,1,0,1,1,0,312,145.625,0.25
CV688,0,6,7,3,29.33333333,3320,1995,9,3,-999,-999,2,1,0,1106.666667,665,0.666666667
CV687,0,7,8,4,19.25,1850,1250,8,4,-999,-999,4,2,0,462.5,312.5,1
CV1101,1,5,10,4,34.75,820,323.25,9,2,-999,-999,2,1,0,205,80.8125,0.5
CV1017,0,7,11,7,14.42857143,2513,695.8325,9,3,2,0,5,2,0,359,99.40464286,0.714285714
CV783,1,6,18,4,22.5,3210,957.1875,8,1,-999,-999,6,2,0,802.5,239.296875,1.5
CV1056,1,7,5,4,21.25,1664,620,9,3,0,1,1,2,0,416,155,0.25
CV1827,1,5,5,11,15.72727273,1983,2006.25,7,4,0,2,2,2,0,180.2727273,182.3863636,0.181818182
CV1571,1,7,5,6,15.66666667,1427,23666.25,8,2,0,1,1,1,0,237.8333333,3944.375,0.166666667
CV775,0,6,7,4,19,1491,132.5,8,2,0,1,3,1,0,372.75,33.125,0.75
CV352,0,7,8,4,24.5,1597,3127,9,2,-999,-999,3,1,0,399.25,781.75,0.75
CV689,0,7,7,4,24.5,1597,3127,9,2,-999,-999,3,1,0,399.25,781.75,0.75
CV440,1,4,10,8,30.875,1594,2735.5,9,2,1,0,9,1,0,199.25,341.9375,1.125
CV1018,0,7,10,7,16.28571429,1414,345.835,8,3,0,2,1,1,0,202,49.405,0.142857143
CV692,0,6,8,4,17.25,1651,1567.5,8,4,-999,-999,2,1,0,412.75,391.875,0.5
CV1031,1,4,14,4,35.75,2560,1275,8,2,-999,-999,2,2,0,640,318.75,0.5
CV1328,1,8,5,6,19.5,2967,717.25,9,4,1,1,3,1,0,494.5,119.5416667,0.5
CV1023,1,3,5,6,11.66666667,1070,1058.75,7,4,2,1,2,1,0,178.3333333,176.4583333,0.333333333
CV1029,0,3,6,6,20.33333333,2058,2182.5,9,1,2,0,5,1,0,343,363.75,0.833333333
CV701,1,4,8,3,33,1660,737.5,9,4,-999,-999,1,1,0,553.3333333,245.8333333,0.333333333
CV1030,0,4,7,5,26.4,2204,381.25,9,3,1,0,1,2,0,440.8,76.25,0.2
CV1019,1,5,5,5,16.8,1057,525,6,3,1,1,1,1,0,211.4,105,0.2
CV1876,0,3,10,12,25,7513.5,10407.5,9,3,1,1,5,2,0,626.125,867.2916667,0.416666667
CV703,1,2,10,4,15,1500,1350,7,3,0,1,2,2,0,375,337.5,0.5
CV1770,1,6,6,8,20.125,2087,2455,8,3,-999,-999,1,1,0,260.875,306.875,0.125
CV720,0,6,9,6,32,1347,153.25,8,2,0,1,1,1,0,224.5,25.54166667,0.166666667
CV733,0,6,5,3,22,1622,1834.5,8,2,1,0,6,1,0,540.6666667,611.5,2
CV721,1,4,5,5,17.6,3688,105,8,4,1,1,1,2,0,737.6,21,0.2
CV1053,1,6,7,4,27.25,752,1616.5,8,3,-999,-999,0,1,0,188,404.125,0
CV1546,1,6,7,6,21.16666667,1610,2293.75,8,4,-999,-999,2,2,0,268.3333333,382.2916667,0.333333333
CV1042,0,5,9,7,31.14285714,3375,1684.25,9,1,0,1,2,1,0,482.1428571,240.6071429,0.285714286
CV1049,0,7,10,7,16.57142857,3443,3398.5,9,1,1,1,8,1,0,491.8571429,485.5,1.142857143
CV785,1,8,10,3,28,1506,557.5,8,4,-999,-999,2,1,0,502,185.8333333,0.666666667
CV714,1,7,8,4,17,1293,736.5,9,2,0,1,2,1,0,323.25,184.125,0.5
CV1767,1,5,16,11,19.45454545,2130,2630,8,3,0,2,1,1,0,193.6363636,239.0909091,0.090909091
CV1340,0,5,16,7,20.57142857,787,981.25,9,3,0,1,5,2,0,112.4285714,140.1785714,0.714285714
CV1063,1,7,5,4,27.5,2427,375,9,4,0,1,1,2,0,606.75,93.75,0.25
CV1039,1,7,5,4,20,855,305.8325,9,2,0,1,1,1,0,213.75,76.458125,0.25
CV1684,0,6,7,7,27.42857143,1610,1582.5,9,3,-999,-999,2,2,0,230,226.0714286,0.285714286
CV1337,0,5,8,8,23.375,540.5,676,7,3,1,2,4,2,0,67.5625,84.5,0.5
CV1048,1,5,8,5,24.2,933,662.5,9,4,1,0,1,2,0,186.6,132.5,0.2
CV784,0,6,10,3,21.66666667,2227,834.75,9,2,-999,-999,5,1,0,742.3333333,278.25,1.666666667
CV731,0,7,10,4,22.75,2260,686.6675,9,3,1,0,3,2,0,565,171.666875,0.75
CV730,1,8,5,4,19.75,1994,857,9,4,1,1,3,2,0,498.5,214.25,0.75
CV746,0,5,6,3,28.33333333,850,1884,9,3,-999,-999,3,1,0,283.3333333,628,1
CV1073,0,7,6,10,27.875,2064,2837.3325,9,1,1,1,5,1,0,206.4,283.73325,0.5
CV1771,0,5,11,9,23.77777778,3246,1267.5,9,4,0,2,2,1,0,360.6666667,140.8333333,0.222222222
CV1041,0,7,11,5,25.4,1503,550.75,8,4,-999,-999,4,2,0,300.6,110.15,0.8
CV716,0,4,11,4,18.5,1061,367.5,9,3,1,0,3,1,0,265.25,91.875,0.75
CV729,1,6,6,4,19.25,1227,674.04,8,3,0,1,3,1,0,306.75,168.51,0.75
CV1059,0,7,5,5,15.6,992,625.5,9,4,1,1,2,1,0,198.4,125.1,0.4
CV1558,1,6,5,6,18.16666667,2089.5,1898.25,9,1,0,1,4,2,0,348.25,316.375,0.666666667
CV786,0,7,13,4,24.5,3067,537.25,9,3,-999,-999,0,2,0,766.75,134.3125,0
CV1768,0,5,11,8,32.25,12156,41705.25,9,4,-999,-999,1,2,0,1519.5,5213.15625,0.125
CV1688,0,7,10,7,23.71428571,1289,311.3325,9,1,-999,-999,3,2,0,184.1428571,44.47607143,0.428571429
CV1210,1,8,5,5,17.2,889,581.5825,9,3,1,1,1,2,0,177.8,116.3165,0.2
CV1264,1,6,8,4,18.25,2955,730,8,3,0,1,4,1,0,738.75,182.5,1
CV742,0,4,9,4,20.25,1699,1906.25,9,2,0,1,4,1,0,424.75,476.5625,1
CV1401,0,6,11,5,28,5160,565.25,9,4,-999,-999,2,1,0,1032,113.05,0.4
CV758,0,7,10,4,21,1005,904.75,9,4,-999,-999,1,2,0,251.25,226.1875,0.25
CV752,0,4,10,5,24,1102,174.25,9,3,-999,-999,3,2,0,220.4,34.85,0.6
CV1082,1,5,10,4,24,1566,904.5,9,4,-999,-999,3,1,0,391.5,226.125,0.75
CV1075,1,5,5,5,15,1696,928.9575,9,3,1,1,4,1,0,339.2,185.7915,0.8
CV1267,0,7,5,5,22.4,1886,468.75,8,3,1,0,1,2,0,377.2,93.75,0.2
CV1556,1,6,8,9,15.22222222,3950,2717.5,9,3,0,2,4,2,0,438.8888889,301.9444444,0.444444444
CV743,1,7,9,3,28,1507.5,2761.25,8,4,-999,-999,1,1,0,502.5,920.4166667,0.333333333
CV1360,1,4,11,6,23,2118,1220,9,2,-999,-999,3,2,0,353,203.3333333,0.5
CV1375,0,6,10,7,18.28571429,1830,1054,8,3,0,1,6,2,0,261.4285714,150.5714286,0.857142857
CV1694,0,5,11,7,23.28571429,2785,1098.75,9,2,-999,-999,4,2,0,397.8571429,156.9642857,0.571428571
CV1265,0,8,11,8,29.125,1793,1156,9,3,-999,-999,3,2,0,224.125,144.5,0.375
CV1144,0,5,7,4,22.5,1800,1284.75,8,4,-999,-999,3,1,0,450,321.1875,0.75
CV1687,1,3,10,11,26.36363636,2319,1975,9,1,-999,-999,2,1,0,210.8181818,179.5454545,0.181818182
CV956,1,5,11,4,30.25,1721,4247.5,9,4,-999,-999,3,1,0,430.25,1061.875,0.75
CV741,1,3,8,3,26,1015,712.1325,9,4,-999,-999,3,1,0,338.3333333,237.3775,1
CV1190,1,6,11,4,20.75,1791,3060,8,3,-999,-999,4,1,0,447.75,765,1
CV1143,0,5,16,10,16.3,1938,349.25,8,3,1,1,1,2,0,193.8,34.925,0.1
CV400,1,2,10,5,19.4,1072,968,9,2,1,0,1,1,0,214.4,193.6,0.2
CV1110,0,6,5,4,21.25,1329,452.25,7,3,1,0,1,1,0,332.25,113.0625,0.25
CV748,1,5,10,3,24.66666667,1552,788.75,9,4,-999,-999,1,1,0,517.3333333,262.9166667,0.333333333
CV1692,1,7,11,8,23.125,2537.5,1088.7475,9,3,1,0,3,2,0,317.1875,136.0934375,0.375
CV1358,0,7,10,5,21.8,1495.5,878.5,9,4,-999,-999,2,1,0,299.1,175.7,0.4
CV739,1,6,11,5,16.4,1430,3095,9,2,1,0,7,1,0,286,619,1.4
CV826,1,5,14,4,21.5,2508,783.25,8,4,-999,-999,1,1,0,627,195.8125,0.25
CV735,0,7,15,5,27.2,3180,15337.5,8,3,0,1,4,1,0,636,3067.5,0.8
CV1076,0,6,10,4,26.75,582,1905.75,7,4,-999,-999,1,1,0,145.5,476.4375,0.25
VZ3,0,8,13,5,22.2,2211.624946,3746.224,8,3,-999,-999,4,1,1,442.3249892,749.2448,0.8
VZ11,0,10,9,6,20,890.935958,1313.25,9,4,-999,-999,4,2,1,148.4893263,218.875,0.666666667
VZ14,0,5,10,4,19.25,2614.001799,356.03221,11,1,0,2,4,2,1,653.5004497,89.0080525,1
VZ21,1,7,9,6,21.66666667,1608.328694,1246.25,10,1,-999,-999,4,1,1,268.0547823,207.7083333,0.666666667
VZ26,1,6,8,7,24.57142857,1013.682135,6180,8,3,1,1,0,1,1,144.8117335,882.8571429,0
VZ31,0,7,7,5,17,1313.176133,1932.974,11,4,1,2,0,1,1,262.6352267,386.5948,0
VZ36,1,9,9,3,20.33333333,1425.684008,3780,10,1,-999,-999,5,1,1,475.2280028,1260,1.666666667
VZ49,1,9,8,8,28.875,2338.888067,3134.175,12,3,-999,-999,0,2,1,292.3610084,391.771875,0
VZ52,0,10,8,4,16.75,897.4512421,1919.75,7,4,1,0,0,1,1,224.3628105,479.9375,0
VZ57,1,8,9,4,24.25,632.1820293,2346.228,9,2,-999,-999,0,1,1,158.0455073,586.557,0
VZ60,0,8,8,4,16.75,826.1873025,2991.675,10,1,0,1,0,2,1,206.5468256,747.91875,0
VZ68,0,6,13,7,28.57142857,1867.343844,3914.5,5,3,-999,-999,0,2,1,266.7634063,559.2142857,0
VZ71,1,11,8,5,15.2,2491.891499,3272.5,11,3,1,1,0,1,1,498.3782998,654.5,0
VZ82,1,7,12,5,22.4,983.8701,924.54,10,4,0,1,0,1,1,196.77402,184.908,0
VZ87,0,7,9,4,38,1368.46663,2374.75,9,2,-999,-999,0,1,1,342.1166574,593.6875,0
VZ93,1,7,11,6,27.16666667,1233.173242,2022.5,6,2,-999,-999,0,1,1,205.5288737,337.0833333,0
VZ100,1,8,10,4,25.5,2256.028349,4867.5,10,1,-999,-999,0,1,1,564.0070873,1216.875,0
VZ105,0,7,10,6,21.33333333,2821.519931,2425,10,1,0,1,0,1,1,470.2533219,404.1666667,0
VZ109,1,7,6,3,23.33333333,1045.848006,798.04521,9,1,0,1,4,1,1,348.6160019,266.01507,1.333333333
VZ112,1,8,8,4,20.25,353.7901564,1257.5,6,3,0,1,0,1,1,88.4475391,314.375,0
VZ116,1,8,6,4,21.25,1421.871714,8577.5,10,1,0,2,0,1,1,355.4679285,2144.375,0
VZ119,1,9,11,3,20,1045.423299,1022.5,11,2,0,1,0,1,1,348.4744331,340.8333333,0
VZ123,1,9,13,6,17.33333333,1354.726466,10667.5,8,4,1,1,0,2,1,225.7877443,1777.916667,0
VZ129,1,8,12,5,22,1941.117533,29815,8,3,0,1,0,1,1,388.2235067,5963,0
VZ137,1,8,12,8,21.75,2915.69035,3301.09042,9,3,1,0,0,2,1,364.4612938,412.6363025,0
VZ147,1,7,10,12,24,1495.104933,5603.79521,9,3,0,3,4,1,1,124.5920778,466.9829342,0.333333333
VZ159,1,10,12,9,31.22222222,2334.553622,4325.54521,11,1,-999,-999,3,1,1,259.3948469,480.6161344,0.333333333
VZ163,0,6,13,4,27.75,2524.8142,1062.435,6,4,-999,-999,0,1,1,631.20355,265.60875,0
VZ167,0,8,10,6,19.16666667,1514.705421,301.675,12,2,2,0,0,2,1,252.4509035,50.27916667,0
VZ180,1,8,9,4,23.75,1426.27435,1265,10,1,0,1,4,1,1,356.5685875,316.25,1
VZ185,0,7,10,5,21.2,1674.414446,507.5,8,4,-999,-999,0,1,1,334.8828892,101.5,0
VZ190,1,12,10,5,21.2,568.3152564,1974.25,8,4,1,0,2,1,1,113.6630513,394.85,0.4
VZ194,0,8,8,5,19.6,1272.218233,280,7,1,1,0,0,1,1,254.4436466,56,0
VZ199,0,9,8,4,24.75,1258.112283,1126.224,9,1,-999,-999,4,1,1,314.5280708,281.556,1
VZ203,0,11,8,5,15.6,2031.198033,1627.974,11,2,1,1,0,1,1,406.2396065,325.5948,0
VZ213,0,14,9,9,25.55555556,1406.303333,2015.25,11,2,1,0,2,1,1,156.2559259,223.9166667,0.222222222
VZ218,0,7,8,4,26.75,1281.017405,792.04521,10,3,-999,-999,2,2,1,320.2543512,198.0113025,0.5
VZ221,1,11,10,7,19.28571429,1388.632418,8675,9,4,-999,-999,0,1,1,198.3760598,1239.285714,0
VZ232,0,9,13,8,19.5,2050.735044,15625,10,4,-999,-999,0,2,1,256.3418805,1953.125,0
VZ239,1,7,9,6,31.83333333,2289.7359,2681.25,10,1,-999,-999,0,1,1,381.6226499,446.875,0
VZ244,0,6,8,5,20.4,640.2560167,2721.5,11,4,-999,-999,2,2,1,128.0512033,544.3,0.4
VZ250,1,11,9,7,21.28571429,1573.163666,945,10,4,0,1,0,1,1,224.7376666,135,0
VZ255,0,7,11,5,18.2,2247.768999,3521.25,8,1,-999,-999,0,2,1,449.5537997,704.25,0
VZ262,1,7,8,7,24.28571429,1769.618882,5442.5,8,1,-999,-999,0,1,1,252.8026974,777.5,0
VZ266,0,6,9,5,17.6,735.8136832,2820.54521,8,4,2,0,0,1,1,147.1627366,564.109042,0
VZ271,1,8,9,4,19.5,793.8609504,13535,10,4,1,0,0,1,1,198.4652376,3383.75,0
VZ276,0,9,10,5,20.4,1071.806325,1285.5,8,4,-999,-999,0,1,1,214.3612649,257.1,0
VZ281,1,8,9,5,20.6,1580.068999,1666.864,3,2,1,0,0,2,1,316.0137997,333.3728,0
VZ287,0,6,8,5,22.8,712.837023,612.5,12,3,-999,-999,0,1,1,142.5674046,122.5,0
VZ290,0,7,10,4,18.75,882.2904082,953.75,12,3,0,1,4,2,1,220.5726021,238.4375,1
VZ294,0,8,10,4,18.75,793.4979665,1192.5,9,3,0,1,0,1,1,198.3744916,298.125,0
VZ299,1,6,10,6,25,1248.956921,850,10,4,-999,-999,0,2,1,208.1594869,141.6666667,0
VZ304,0,7,15,3,31.66666667,725.2313794,2079,11,2,-999,-999,0,1,1,241.7437931,693,0
VZ308,1,12,11,5,20.8,1584.234009,954.75,5,4,-999,-999,0,2,1,316.8468019,190.95,0
VZ316,0,6,11,9,23.88888889,1293.131375,2532.5,9,4,0,1,3,1,1,143.6812639,281.3888889,0.333333333
VZ322,0,9,13,4,30.5,2112.590183,1512.5,10,1,1,0,0,2,1,528.1475458,378.125,0
VZ326,0,7,8,4,23.5,1368.258416,2245,12,1,-999,-999,0,2,1,342.0646041,561.25,0
VZ329,1,7,11,4,11.25,1772.481697,4932.81647,12,4,1,0,0,2,1,443.1204243,1233.204118,0
VZ334,0,5,10,5,33.2,1353.366663,12745,7,1,-999,-999,0,1,1,270.6733326,2549,0
VZ338,1,9,11,4,21.75,986.113275,492.25,10,2,-999,-999,2,1,1,246.5283187,123.0625,0.5
VZ343,0,9,9,8,21.375,1927.161544,3025,11,3,1,0,3,1,1,240.8951929,378.125,0.375
VZ350,0,8,11,3,33.33333333,1197.3082,9541.675,11,4,-999,-999,0,1,1,399.1027333,3180.558333,0
VZ362,1,6,13,9,29.77777778,763.7555044,295.54521,10,4,-999,-999,0,2,1,84.86172271,32.83835667,0
VZ366,1,7,11,5,17.4,1470.4555,2321.842,12,1,1,0,0,2,1,294.0911,464.3684,0
VZ371,0,7,10,5,20.6,1713.027246,2426.60375,12,1,0,1,0,1,1,342.6054492,485.32075,0
VZ377,0,8,11,5,26.4,1061.523008,2100,8,1,-999,-999,0,2,1,212.3046016,420,0
VZ379,0,7,12,6,16.83333333,2460.3571,4008.05142,12,4,1,0,0,2,1,410.0595166,668.00857,0
VZ387,0,9,12,4,29.25,876.8466568,452,12,3,-999,-999,0,2,1,219.2116642,113,0
VZ393,1,7,8,6,30.66666667,1483.583325,561.5,5,4,-999,-999,0,1,1,247.2638876,93.58333333,0
VZ396,1,6,10,4,28.25,1708.800599,2401.22,12,1,1,0,0,2,1,427.2001498,600.305,0
VZ403,1,6,11,5,18,825.3783666,2380,8,3,0,2,0,1,1,165.0756733,476,0
VZ410,0,7,13,7,18.71428571,1575.932816,1395,12,1,0,1,0,1,1,225.1332594,199.2857143,0
VZ415,1,9,11,3,31,2122.84446,1342.974,5,1,0,1,0,1,1,707.6148198,447.658,0
VZ418,0,11,11,4,21.75,2414.887183,3415,9,2,1,0,0,1,1,603.7217958,853.75,0
VZ423,1,7,10,5,21,1602.594033,3016.675,12,1,-999,-999,0,1,1,320.5188065,603.335,0
VZ428,1,6,8,6,15.66666667,1262.649167,1855,8,4,2,0,3,2,1,210.4415278,309.1666667,0.5
VZ433,0,5,11,5,27.25,748.9715788,626.81647,5,3,-999,-999,0,1,1,149.7943158,125.363294,0
VZ440,1,9,11,9,21.55555556,1840.387933,2147.592,12,1,1,1,0,1,1,204.4875481,238.6213333,0
VZ446,0,7,7,4,9.75,4481.258971,1175,11,4,2,1,0,1,1,1120.314743,293.75,0
VZ449,0,11,8,3,24.66666667,1691.017269,2528.75,12,4,1,0,0,1,1,563.672423,842.9166667,0
VZ454,1,13,11,5,18,2491.801319,935,9,1,0,1,0,1,1,498.3602637,187,0
VZ460,0,7,10,4,26.5,733.4623585,540.5,7,0,-999,-999,0,1,1,183.3655896,135.125,0
VZ464,1,10,12,6,20,1517.838233,1285,10,1,1,0,0,2,1,252.9730388,214.1666667,0
VZ471,0,6,9,6,26,2222.847999,2312.5,12,1,0,1,0,1,1,370.4746666,385.4166667,0
VZ476,0,7,12,5,26,982.1847333,1207.5,9,4,-999,-999,0,1,1,196.4369467,241.5,0
VZ480,1,10,9,4,18.5,1624.189827,1912.5,9,2,0,1,0,1,1,406.0474568,478.125,0
VZ484,0,9,13,7,22.42857143,2798.98308,3126.25,12,1,1,1,3,1,1,399.8547257,446.6071429,0.428571429
VZ496,1,6,10,7,14.42857143,2748.692121,1770,10,3,0,2,0,1,1,392.670303,252.8571429,0
VZ507,1,11,10,5,21.4,2729.243634,700,11,3,1,0,0,1,1,545.8487267,140,0
VZ512,0,6,11,4,24.25,1462.420246,670.25,11,3,-999,-999,3,2,1,365.6050616,167.5625,0.75
VZ521,0,6,9,3,27.66666667,2751.368333,1455,11,2,-999,-999,0,1,1,917.1227776,485,0
VZ525,0,9,8,4,26,1751.328613,1737.5,9,3,-999,-999,0,1,1,437.8321532,434.375,0
VZ529,1,6,12,6,29.5,1350.90185,1545,12,1,0,2,0,1,1,225.1503084,257.5,0
VZ536,0,7,18,6,40.83333333,1474.797511,2061.675,11,3,-999,-999,0,1,1,245.7995851,343.6125,0
VZ543,0,9,9,7,30.28571429,2295.66015,18892.01833,10,1,0,1,0,2,1,327.95145,2698.859762,0
VZ547,1,9,12,4,23.5,2589.221461,2028.922,7,1,1,0,0,1,1,647.3053652,507.2305,0
VZ552,1,7,9,5,17.4,1125.76935,1115.6,10,1,0,1,0,1,1,225.1538701,223.12,0
VZ556,0,8,8,3,25,1340.113091,790,9,1,-999,-999,0,1,1,446.7043636,263.3333333,0
VZ561,0,7,12,5,28.4,2705.444896,1099.75,11,2,-999,-999,4,1,1,541.0889792,219.95,0.8
VZ563,0,7,9,3,16.66666667,2137.07695,500,12,4,1,0,0,1,1,712.3589833,166.6666667,0
VZ567,1,6,12,4,23.25,1461.001144,1061.675,12,1,-999,-999,0,1,1,365.250286,265.41875,0
VZ572,1,7,11,6,21.83333333,759.9463002,516,6,4,0,2,0,2,1,126.6577167,86,0
VZ577,1,7,10,5,18,1164.437877,2966.675,11,3,1,0,0,1,1,232.8875754,593.335,0
VZ583,1,7,9,5,19.8,1394.748613,849.461,9,1,0,1,2,1,1,278.9497226,169.8922,0.4
VZ587,1,6,4,4,30.5,1169.342215,621.09042,8,4,0,2,2,1,1,292.3355538,155.272605,0.5
VZ592,1,11,12,4,23.75,946.5924598,1730.54521,10,3,-999,-999,3,1,1,236.648115,432.6363025,0.75
VZ596,1,6,10,7,22.42857143,2034.101384,3438.48667,10,2,0,1,0,2,1,290.5859121,491.2123814,0
VZ602,0,8,9,4,21.25,931.3339982,9417.5,8,3,1,0,0,1,1,232.8334996,2354.375,0
VZ606,1,7,10,6,16.5,1211.930583,88.04521,8,4,1,1,0,1,1,201.9884306,14.67420167,0
VZ614,0,8,9,8,15.25,1360.6842,1077.5,10,2,2,1,0,2,1,170.085525,134.6875,0
VZ620,0,8,10,5,19.4,1947.487583,1312.224,12,3,0,1,0,1,1,389.4975167,262.4448,0
VZ625,1,9,9,3,23.66666667,1349.80898,780,10,1,-999,-999,3,1,1,449.9363265,260,1
VZ629,0,6,11,5,22.6,1204.582313,2292.5,11,4,0,1,4,1,1,240.9164626,458.5,0.8
VZ633,0,6,9,3,20.66666667,1600.483531,2604.4566,10,1,-999,-999,0,1,1,533.4945104,868.1522,0
VZ637,0,12,9,4,19.25,1496.203633,5159.935,12,1,-999,-999,0,1,1,374.0509082,1289.98375,0
VZ640,1,9,11,4,26.25,1845.220432,1805,11,1,1,0,3,2,1,461.305108,451.25,0.75
VZ645,1,7,11,5,19.8,1284.127821,1306.974,11,2,-999,-999,4,1,1,256.8255643,261.3948,0.8
VZ649,0,8,8,5,15.4,3101.1149,165,6,4,1,1,0,1,1,620.22298,33,0
VZ653,0,6,12,2,33.5,488.3731185,1769.25,9,2,-999,-999,3,1,1,244.1865593,884.625,1.5
VZ656,1,7,9,3,29,2400.620549,3976.63563,11,2,-999,-999,6,2,1,800.2068498,1325.54521,2
VZ666,0,7,8,11,21.90909091,1370.324933,2530,8,4,2,1,0,1,1,124.5749939,230,0
VZ670,1,9,11,6,16,463.878283,766.675,9,4,2,0,0,1,1,77.31304717,127.7791667,0
VZ679,0,8,15,8,22.125,2083.484341,2476.7,11,2,0,1,0,1,1,260.4355426,309.5875,0
VZ683,1,9,7,2,20.5,1704.340766,197.5,8,4,0,1,0,1,1,852.1703832,98.75,0
VZ689,0,7,12,8,21,3100.005733,745.54521,10,1,1,0,0,1,1,387.5007166,93.19315125,0
VZ697,0,9,2,6,27.16666667,1085.761821,2110.987,10,1,1,0,4,2,1,180.9603036,351.8311667,0.666666667
VZ702,0,8,13,6,28.66666667,1836.829766,1553.04521,12,1,-999,-999,0,2,1,306.1382943,258.8408683,0
VZ710,0,7,8,8,26.125,2362.436167,885.5,9,4,1,0,0,1,1,295.3045209,110.6875,0
VZ716,0,11,9,5,29.4,1844.960558,3345,12,1,-999,-999,0,2,1,368.9921116,669,0
VZ720,0,10,14,5,21.6,2499.2074,1370,12,1,-999,-999,0,2,1,499.84148,274,0
VZ724,1,7,9,6,18.5,1542.238546,4352.5,8,3,1,1,0,1,1,257.0397577,725.4166667,0
VZ732,0,12,12,8,26.875,1111.9798,1931.675,12,4,-999,-999,0,1,1,138.997475,241.459375,0
VZ739,0,7,12,4,19.25,2202.766416,2550,11,4,-999,-999,0,1,1,550.6916041,637.5,0
VZ743,0,10,7,5,18.8,1284.973267,2117.5,10,1,2,0,0,1,1,256.9946533,423.5,0
VZ747,1,7,8,6,26.66666667,2794.076651,14315,11,1,-999,-999,0,1,1,465.6794419,2385.833333,0
VZ755,1,9,12,6,35.33333333,0,0,9,0,-999,-999,2,1,1,0,0,0.333333333
VZ759,1,7,8,4,23.25,1920.265933,3971.25,12,1,0,1,0,1,1,480.0664832,992.8125,0
VZ764,0,8,10,4,24.25,1928.978471,1059.5,12,3,-999,-999,0,2,1,482.2446177,264.875,0
VZ768,0,7,12,6,17,1564.809859,195,11,4,1,1,0,2,1,260.8016432,32.5,0
VZ773,1,9,9,3,21.66666667,1075.792533,2645,11,4,1,0,0,1,1,358.5975111,881.6666667,0
VZ776,1,10,12,4,24.75,1881.81575,1032.5,10,1,1,0,3,2,1,470.4539375,258.125,0.75
VZ781,0,11,8,4,27.25,1970.181799,791.961,7,1,-999,-999,0,1,1,492.5454498,197.99025,0
VZ786,0,7,9,5,23,1057.330599,2517.5,12,1,-999,-999,0,1,1,211.4661199,503.5,0
VZ789,0,8,11,4,20.5,902.7543327,828.987,8,1,0,1,0,2,1,225.6885832,207.24675,0
VZ799,0,8,12,5,21.8,2137.210069,3226.63563,12,1,0,1,0,1,1,427.4420138,645.327126,0
VZ803,0,8,9,2,10,1739.239554,2844.75,11,3,-999,-999,0,2,1,869.619777,1422.375,0
VZ806,1,10,11,5,20,1473.641542,989.175,11,3,0,1,0,2,1,294.7283083,197.835,0
VZ811,0,12,14,4,31.75,2060.852271,500.75,11,4,1,0,2,2,1,515.2130678,125.1875,0.5
VZ815,0,6,13,5,19.2,1259.298879,2287.5,12,1,-999,-999,0,1,1,251.8597759,457.5,0
VZ820,0,8,11,3,22,1171.343227,3125.711,11,4,-999,-999,0,2,1,390.4477424,1041.903667,0
VZ828,0,7,16,7,27.85714286,2186.944733,569.10375,12,4,-999,-999,0,2,1,312.4206762,81.30053571,0
VZ834,1,7,8,4,23.75,2079.924417,2685.5,7,3,-999,-999,0,1,1,519.9811043,671.375,0
VZ837,0,8,11,6,25,14017.70713,1171.40884,11,2,1,0,0,1,1,2336.284522,195.2348067,0
VZ843,1,8,14,4,37.25,685.4957199,2800,7,4,-999,-999,0,2,1,171.37393,700,0
VZ848,1,11,9,4,31,2245.122566,197.5,11,1,-999,-999,0,2,1,561.2806415,49.375,0
VZ862,0,8,13,5,32.4,1944.439909,771.487,10,4,1,0,0,2,1,388.8879818,154.2974,0
VZ867,1,8,9,6,20.33333333,1278.991553,19802.75,9,4,0,1,0,1,1,213.1652588,3300.458333,0
VZ871,1,10,10,4,21.25,1083.860991,1894.5,11,4,1,0,3,1,1,270.9652478,473.625,0.75
VZ875,0,9,10,4,20.5,1544.6437,1835,12,1,0,1,0,1,1,386.160925,458.75,0
VZ879,0,9,14,3,44.66666667,2346.365787,1469.53221,8,4,-999,-999,3,2,1,782.1219289,489.84407,1
VZ882,1,7,11,3,25.33333333,623.2125709,693.75,7,4,-999,-999,0,1,1,207.7375236,231.25,0
VZ884,1,7,8,3,13.66666667,2287.255933,3810.6763,12,1,1,0,0,1,1,762.4186444,1270.225433,0
VZ890,1,5,9,6,26,1951.575955,2807.435,9,1,0,1,0,1,1,325.2626591,467.9058333,0
VZ894,0,9,9,4,30.5,1971.992938,7425.956,12,1,1,0,0,1,1,492.9982344,1856.489,0
VZ899,1,6,8,5,24.2,1818.393337,1770.54521,12,2,1,0,0,1,1,363.6786673,354.109042,0
VZ905,1,9,10,5,21.2,1494.631132,2952.25,8,3,-999,-999,6,2,1,298.9262263,590.45,1.2
VZ908,1,4,15,5,25.2,1321.615233,845,10,4,-999,-999,0,2,1,264.3230466,169,0
VZ915,1,5,9,10,26.7,4317.137307,8880,10,2,1,0,0,1,1,431.7137307,888,0
VZ923,1,8,12,3,27.33333333,851.5064504,1837.5,10,1,-999,-999,3,1,1,283.8354835,612.5,1
VZ927,1,6,8,5,18.6,2535.328649,1725,11,1,1,0,0,1,1,507.0657299,345,0
VZ932,1,10,8,5,18,1756.500297,1401.25,12,2,1,0,3,2,1,351.3000593,280.25,0.6
VZ940,1,11,12,9,18,4096.684901,11220,9,1,1,0,0,1,1,455.1872113,1246.666667,0
VZ950,0,9,11,9,20.88888889,1418.194848,1560,6,3,2,0,0,1,1,157.5772053,173.3333333,0
VZ957,0,7,8,6,26.16666667,1956.099766,4258.5,11,3,-999,-999,3,1,1,326.0166276,709.75,0.5
VZ963,1,8,8,6,22.16666667,1272.303429,1882.5,10,1,1,0,0,1,1,212.0505716,313.75,0
VZ968,1,6,10,6,17.16666667,1206.225788,559.75,11,4,2,0,0,2,1,201.0376314,93.29166667,0
VZ973,1,5,8,3,23.33333333,1342.955533,2085.845,12,1,-999,-999,0,1,1,447.6518444,695.2816667,0
VZ978,1,10,10,6,30.5,2388.127772,1630.29521,8,1,-999,-999,0,1,1,398.0212954,271.7158683,0
VZ984,0,7,11,6,34.83333333,1732.746546,11462.5,8,1,-999,-999,0,1,1,288.791091,1910.416667,0
VZ989,1,7,11,6,17.83333333,1955.587499,1067,10,2,1,0,0,1,1,325.9312498,177.8333333,0
VZ997,1,8,8,6,24.83333333,1586.062767,10289.5,11,1,-999,-999,0,2,1,264.3437945,1714.916667,0
VZ1000,0,9,10,4,31.75,1042.6928,725,11,1,-999,-999,4,2,1,260.6732,181.25,1
VZ1003,1,7,11,3,32,1266.009158,843,6,4,-999,-999,0,1,1,422.0030528,281,0
VZ1007,0,8,8,3,23.33333333,1541.803303,1286.961,11,1,0,1,5,1,1,513.9344342,428.987,1.666666667
VZ1015,0,7,11,5,12.4,1501.905333,1492.5,10,4,1,1,0,1,1,300.3810665,298.5,0
VZ1021,0,7,13,4,29.25,2129.445223,2346.25,10,4,-999,-999,3,1,1,532.3613058,586.5625,0.75
VZ1031,1,6,9,5,22.6,1300.553646,2516.675,11,3,-999,-999,0,2,1,260.1107292,503.335,0
VZ1037,1,8,12,7,20.28571429,1681.758324,1128.987,6,2,0,1,0,1,1,240.2511892,161.2838571,0
VZ1041,1,9,11,4,20.75,1212.0266,1322.5,9,4,0,1,0,1,1,303.0066499,330.625,0
VZ1043,1,7,11,5,27.4,965.4596085,5247,12,1,-999,-999,0,1,1,193.0919217,1049.4,0
VZ1049,1,7,9,4,12,928.1153897,1388.04521,10,4,1,1,0,2,1,232.0288474,347.0113025,0
VZ1053,0,10,8,2,23.5,3536.686155,4285.474,12,1,-999,-999,0,1,1,1768.343077,2142.737,0
VZ1057,1,8,11,6,18.5,3715.677388,3700,11,1,2,0,0,1,1,619.2795647,616.6666667,0
VZ1064,1,9,10,4,24.25,1693.165594,4297.75,9,3,1,0,0,2,1,423.2913985,1074.4375,0
VZ1068,1,8,11,4,21.75,1495.160337,1046.843333,11,2,0,1,0,2,1,373.7900842,261.7108333,0
VZ1074,1,8,8,6,30.33333333,1375.808883,2080,12,3,-999,-999,0,1,1,229.3014805,346.6666667,0
VZ1080,1,6,11,5,27.4,1227.680594,1061.31647,5,1,-999,-999,0,1,1,245.5361188,212.263294,0
VZ1084,1,9,12,6,18.33333333,1764.057642,1132.5,11,1,0,1,0,2,1,294.0096069,188.75,0
VZ1091,0,10,8,6,18.16666667,2586.042999,1750,11,3,1,0,0,2,1,431.0071665,291.6666667,0
VZ1096,0,11,10,4,23.5,2084.994836,1610.425,11,1,-999,-999,0,2,1,521.2487091,402.60625,0
VZ1102,0,8,8,6,23.5,1468.507867,393.38563,9,4,-999,-999,0,2,1,244.7513111,65.56427167,0
VZ1105,0,6,12,4,16.5,2613.004099,2051,10,4,-999,-999,0,1,1,653.2510246,512.75,0
VZ1116,1,7,10,7,26.14285714,2689.428183,5691.631331,11,2,-999,-999,0,1,1,384.2040262,813.0901901,0
VZ1121,0,8,9,4,20.5,1121.977533,626.25,8,2,0,1,4,2,1,280.4943833,156.5625,1
VZ1126,1,8,12,6,19.66666667,1912.339766,1520,11,1,0,1,0,1,1,318.7232943,253.3333333,0
VZ1131,0,8,7,4,19,2141.2638,1921.5,8,1,1,1,0,1,1,535.31595,480.375,0
VZ1135,0,9,16,3,34,1660.414144,1025,10,4,1,0,0,2,1,553.4713814,341.6666667,0
VZ1139,0,8,11,5,21,1960.690333,925,9,4,-999,-999,0,2,1,392.1380666,185,0
VZ1146,0,9,9,6,20.16666667,998.8813752,2339.75,10,3,-999,-999,3,1,1,166.4802292,389.9583333,0.5
VZ1151,0,8,14,5,19,2609.193877,4588.25,10,1,1,0,4,1,1,521.8387753,917.65,0.8
VZ1155,1,6,11,6,14,1237.937675,5282.54,11,3,1,1,0,1,1,206.3229458,880.4233333,0
VZ1162,0,9,11,6,21.16666667,1642.208906,1433.59042,10,3,1,0,0,2,1,273.7014844,238.9317367,0
VZ1165,0,8,10,3,15.66666667,1839.743192,10490,11,4,1,0,0,1,1,613.2477308,3496.666667,0
VZ1169,0,8,12,5,14.6,1312.229309,1248.987,12,1,-999,-999,0,1,1,262.4458617,249.7974,0
VZ1181,1,8,12,4,24.75,2218.165528,745,9,1,-999,-999,3,1,1,554.5413821,186.25,0.75
VZ1185,0,7,10,5,15.6,2010.518917,3250,8,1,1,1,0,1,1,402.1037833,650,0
VZ1188,1,8,10,3,6,1994.877779,2352.974,12,3,1,1,0,1,1,664.9592598,784.3246667,0
VZ1196,1,8,8,8,24.125,2235.991233,757.34042,11,1,1,1,3,2,1,279.4989041,94.6675525,0.375
VZ1201,1,7,11,3,30.33333333,1580.1301,1240.864,8,2,-999,-999,0,1,1,526.7100333,413.6213333,0
VZ1204,0,10,11,3,40.66666667,1099.686019,412.5,11,4,-999,-999,1,1,1,366.5620063,137.5,0.333333333
VZ1208,1,5,8,4,19.75,1988.071133,1195,12,2,-999,-999,0,2,1,497.0177832,298.75,0
VZ1212,1,7,13,6,17.83333333,1874.513613,1550.85,11,1,1,0,0,1,1,312.4189355,258.475,0
VZ1218,1,8,9,4,41.75,2781.776473,1875,11,1,-999,-999,0,1,1,695.4441183,468.75,0
VZ1222,1,6,10,4,27,0,0,12,0,-999,-999,0,1,1,0,0,0
VZ1226,0,9,10,5,26.4,1623.86442,3891.675,11,1,-999,-999,0,1,1,324.7728839,778.335,0
VZ1232,0,7,9,7,17.71428571,947.5846963,1489.09042,5,3,0,1,0,1,1,135.3692423,212.7272029,0
VZ1237,1,8,9,3,28.66666667,731.0765752,2762.5,12,1,-999,-999,0,1,1,243.6921917,920.8333333,0
VZ1240,0,7,10,4,26.25,978.9193,827.5,11,3,-999,-999,2,1,1,244.729825,206.875,0.5
VZ1245,1,8,14,7,26,1678.583416,4362.5,11,1,1,0,0,2,1,239.7976309,623.2142857,0
VZ1251,1,7,11,4,20.25,1248.621196,2261.75,11,4,-999,-999,0,1,1,312.155299,565.4375,0
VZ1256,1,9,8,6,20.66666667,1361.613426,1055.85,12,1,1,0,0,1,1,226.9355709,175.975,0
VZ1268,0,8,9,4,27.5,661.3097666,2737.5,7,3,-999,-999,0,2,1,165.3274417,684.375,0
VZ1271,0,6,8,4,16.75,768.2736,5750.343333,9,1,1,0,0,1,1,192.0684,1437.585833,0
VZ1276,0,7,9,7,20,1414.901017,2082,7,4,1,2,0,1,1,202.1287167,297.4285714,0
VZ1284,0,8,11,5,25.8,1339.892749,900,12,1,1,0,0,1,1,267.9785499,180,0
VZ1285,0,7,16,6,7.833333333,2026.975821,1531.54252,12,4,2,1,0,1,1,337.8293036,255.2570867,0
VZ1294,1,7,8,4,12.25,2763.094946,1767.5,12,1,-999,-999,0,1,1,690.7737365,441.875,0
VZ1297,1,8,8,3,34,619.2569,862.864,12,1,-999,-999,0,1,1,206.4189667,287.6213333,0
VZ1301,0,9,13,5,25,1060.477867,2982.5,8,4,0,1,0,1,1,212.0955733,596.5,0
VZ1312,1,8,12,3,34,1844.315688,2601.675,12,1,-999,-999,0,1,1,614.771896,867.225,0
VZ1313,1,7,9,2,6,1251.928809,417.5,12,1,1,0,0,1,1,625.9644043,208.75,0
VZ1317,0,8,8,4,19,2732.941722,6987.5,10,1,1,0,0,1,1,683.2354304,1746.875,0
VZ1322,1,6,12,4,29.75,850.1015333,1358.364,12,1,-999,-999,0,2,1,212.5253833,339.591,0
VZ1326,1,7,10,8,23.25,1434.776017,1437.5,10,1,1,2,0,1,1,179.3470021,179.6875,0
VZ1335,1,6,12,5,23.8,2616.853833,4484.13563,9,1,-999,-999,0,1,1,523.3707665,896.827126,0
VZ1342,1,5,12,5,24.4,1991.590238,4693.75,8,3,-999,-999,0,2,1,398.3180476,938.75,0
VZ1348,1,10,8,4,35.5,1694.591299,1277.5,12,1,0,1,0,2,1,423.6478248,319.375,0
VZ1351,1,6,8,6,21.33333333,1675.262399,2167.5,10,1,0,1,0,1,1,279.2103999,361.25,0
VZ1357,0,6,9,3,19,2417.217242,2242.5,8,1,-999,-999,0,1,1,805.7390806,747.5,0
VZ1365,0,9,12,5,21,3995.587265,28880.9783,10,1,-999,-999,0,1,1,799.1174531,5776.19566,0
VZ1368,0,6,10,5,16,1043.265933,1605,10,1,2,0,0,1,1,208.6531866,321,0
VZ1374,1,7,12,12,22.5,2338.297946,1744.09042,9,4,1,2,3,1,1,194.8581622,145.3408683,0.25
VZ1387,0,9,8,8,25.75,2690.873802,1448.909,12,2,0,2,0,1,1,336.3592252,181.113625,0
VZ1393,1,6,11,7,35.28571429,4638.14253,8507.5,12,2,-999,-999,4,1,1,662.59179,1215.357143,0.571428571
VZ1400,1,9,12,6,20.5,768.7702916,3490,6,3,0,2,0,1,1,128.1283819,581.6666667,0
VZ1406,0,9,11,5,19.8,960.394034,13372,10,4,1,0,0,2,1,192.0788068,2674.4,0
VZ1413,0,7,12,6,22.83333333,2348.138831,3096.5,11,2,-999,-999,0,1,1,391.3564718,516.0833333,0
VZ1419,0,9,12,6,29.16666667,1623.714099,2810.54521,10,2,0,1,2,1,1,270.6190166,468.4242017,0.333333333
VZ1423,0,7,10,4,20.75,754.937132,7318.75,11,1,0,1,0,1,1,188.734283,1829.6875,0
VZ1428,0,11,11,4,27.25,2130.048703,4289.60963,7,2,-999,-999,0,1,1,532.5121757,1072.402408,0
VZ1431,0,9,8,5,25.6,2552.708467,11577.5,11,3,2,0,0,1,1,510.5416933,2315.5,0
VZ1437,0,6,9,6,26.66666667,1163.676565,1341.25,10,3,0,1,4,1,1,193.9460941,223.5416667,0.666666667
VZ1442,0,10,8,3,23.66666667,2223.237,2364.25,10,1,-999,-999,0,2,1,741.0790001,788.0833333,0
VZ1451,1,7,13,7,24.14285714,1072.6639,8456.25,7,4,0,1,0,1,1,153.2377,1208.035714,0
VZ1455,0,8,8,1,8,1447.306738,507.237,12,4,-999,-999,0,1,1,1447.306738,507.237,0
VZ1459,0,9,11,5,19.4,2180.459553,1233.987,11,1,1,0,0,1,1,436.0919105,246.7974,0
VZ1464,0,6,10,7,42,2765.543146,3629.175,10,3,0,1,0,1,1,395.0775924,518.4535714,0
VZ1470,0,8,9,3,23.33333333,3424.825924,2930.474,7,1,-999,-999,0,1,1,1141.608641,976.8246667,0
VZ1471,1,9,10,1,10,1456.046204,1962.5,11,4,-999,-999,0,1,1,1456.046204,1962.5,0
VZ1476,1,8,7,5,21.8,2248.571692,2430.435333,9,1,0,2,0,1,1,449.7143385,486.0870666,0
VZ1479,1,7,11,5,16,3146.764865,1965,11,1,1,1,0,2,1,629.3529731,393,0
VZ1484,0,9,10,4,21.75,730.1194234,1589.724,5,4,1,0,0,1,1,182.5298558,397.431,0
VZ1489,1,7,8,4,24.25,591.8828632,1039,6,4,-999,-999,0,1,1,147.9707158,259.75,0
VZ1493,0,9,13,8,24.875,3441.799199,8498.75,12,1,0,1,0,1,1,430.2248999,1062.34375,0
VZ1500,1,6,13,4,25.75,1217.296293,1330.25,10,3,1,0,3,1,1,304.3240732,332.5625,0.75
VZ1504,0,8,10,3,23.33333333,1807.5229,2268,10,1,-999,-999,0,1,1,602.5076333,756,0
VZ1511,0,5,11,3,29,904.991125,370,9,1,1,0,3,1,1,301.6637083,123.3333333,1
VZ1516,1,9,10,4,27.25,1281.493598,715,8,3,-999,-999,0,1,1,320.3733996,178.75,0
VZ1520,1,7,8,5,14,1649.737325,1712.5,10,2,0,2,0,1,1,329.9474649,342.5,0
VZ1527,0,7,12,5,22,975.4625564,140.5,8,3,-999,-999,0,2,1,195.0925113,28.1,0
VZ1530,0,7,10,4,27.75,721.410975,2120,10,1,-999,-999,3,1,1,180.3527438,530,0.75
VZ1535,0,8,11,4,23,821.8878128,1025.25,9,1,-999,-999,6,1,1,205.4719532,256.3125,1.5
VZ1540,0,12,10,6,37,2118.859179,4460,7,4,-999,-999,0,1,1,353.1431966,743.3333333,0
VZ1545,0,7,10,3,40.66666667,1290.230493,612.5,9,1,-999,-999,0,1,1,430.0768311,204.1666667,0
VZ1548,0,7,9,3,35,2252.897808,2250,12,3,-999,-999,0,1,1,750.965936,750,0
VZ1552,0,8,10,5,22.8,2737.08198,675.474,7,4,0,2,0,1,1,547.4163959,135.0948,0
VZ1556,0,9,7,4,34.75,1393.937269,2082.5,9,1,2,0,4,1,1,348.4843173,520.625,1
VZ1560,0,8,9,4,19,914.6250564,2122.92125,10,1,1,0,0,1,1,228.6562641,530.7303125,0
VZ1566,0,6,8,5,40.6,3063.283888,4615,12,1,-999,-999,0,1,1,612.6567776,923,0
VZ1567,0,9,12,1,12,833.8293752,2890,12,4,-999,-999,0,1,1,833.8293752,2890,0
