idx,CHILD_SEX,IDD_SCORE,AGE,HHID_count,HH_AGE,FOOD_EXPENSE_WEEKLY,NON-FOOD_EXPENSE_WEEKLY,HDD_SCORE,FOOD_INSECURITY,BEN_4PS,AREA_TYPE,FOOD_EXPENSE_WEEKLY_pc,NON-FOOD_EXPENSE_WEEKLY_pc
CV924,Male,7.0,5.0,4,21.5,1457.5,4843.75,8.0,Moderate,Yes,RURAL,364.375,1210.9375
CV931,Male,5.0,10.0,4,18.0,1524.58,777.3924999999999,6.0,Moderate,No,RURAL,381.145,194.34812499999998
CV977,Female,7.0,5.0,3,28.0,2250.0,118.75,8.0,Mild,No,RURAL,750.0,39.583333333333336
CV1637,Male,6.0,5.0,7,14.0,2055.0,4441.25,8.0,Moderate,No,RURAL,293.57142857142856,634.4642857142857
CV915,Female,7.0,9.0,4,29.75,2210.0,4020.5,9.0,Severe,Yes,RURAL,552.5,1005.125
CV1755,Female,6.0,8.0,7,22.857142857142858,1390.0,2472.0,7.0,Severe,Yes,RURAL,198.57142857142858,353.14285714285717
CV909,Male,6.0,11.0,5,18.4,1474.0,1057.75,7.0,Moderate,No,RURAL,294.8,211.55
CV1296,Male,6.0,10.0,4,26.0,1094.0,522.0,9.0,Moderate,No,RURAL,273.5,130.5
CV1121,Female,6.0,11.0,7,31.714285714285715,5504.5,2590.8325000000004,8.0,Moderate,Yes,RURAL,786.3571428571429,370.1189285714286
CV1758,Male,7.0,9.0,7,28.428571428571427,2030.0,506.25,7.0,None,No,RURAL,290.0,72.32142857142857
CV923,Male,6.0,5.0,6,20.166666666666668,141.0,387.75,5.0,Severe,No,RURAL,23.5,64.625
CV910,Male,6.0,10.0,8,28.625,2082.0,13953.0,8.0,Mild,Yes,RURAL,260.25,1744.125
CV1168,Female,5.0,7.0,9,24.666666666666668,3342.0,52.5,7.0,Moderate,No,RURAL,371.3333333333333,5.833333333333333
CV1471,Male,7.0,7.0,6,17.333333333333332,1028.0,1283.75,7.0,Severe,Yes,RURAL,171.33333333333334,213.95833333333334
CV1463,Female,7.0,9.0,5,18.4,2044.0,1436.75,9.0,Moderate,No,RURAL,408.8,287.35
CV1004,Female,6.0,9.0,8,15.25,1081.0,532.5,7.0,Severe,Yes,RURAL,135.125,66.5625
CV1304,Male,6.0,11.0,4,34.0,1927.0,4795.0,9.0,None,Yes,RURAL,481.75,1198.75
CV1662,Male,6.0,9.0,10,26.6,1547.0,2140.25,9.0,Moderate,No,RURAL,154.7,214.025
CV1385,Male,6.0,10.0,8,18.875,10222.0,1092.5,8.0,Severe,Yes,RURAL,1277.75,136.5625
CV1305,Male,6.0,14.0,8,16.375,1817.0,125.0,7.0,Severe,No,RURAL,227.125,15.625
CV1629,Male,3.0,5.0,13,34.8,3945.0,4046.25,9.0,Severe,No,RURAL,303.46153846153845,311.25
CV1665,Male,6.0,6.0,7,15.0,1756.0,5169.0,7.0,Severe,No,RURAL,250.85714285714286,738.4285714285714
CV983,Female,7.0,5.0,3,32.333333333333336,1971.0,1211.0,8.0,None,No,RURAL,657.0,403.6666666666667
CV1462,Male,3.0,10.0,6,18.333333333333332,3619.0,2413.0,9.0,Moderate,Yes,RURAL,603.1666666666666,402.1666666666667
CV1468,Female,6.0,6.0,5,22.0,1577.5,2371.25,9.0,Severe,No,RURAL,315.5,474.25
CV929,Male,7.0,6.0,4,16.0,1713.5,352.5,8.0,Moderate,No,RURAL,428.375,88.125
CV1473,Female,4.0,10.0,6,22.5,2406.0,3712.5,8.0,None,Yes,RURAL,401.0,618.75
CV1000,Female,8.0,11.0,5,22.2,3122.0,4438.185000000001,9.0,None,No,RURAL,624.4,887.6370000000003
CV1518,Male,7.0,10.0,6,20.5,1716.0,2293.75,9.0,Moderate,Yes,RURAL,286.0,382.2916666666667
CV1614,Male,8.0,11.0,6,32.833333333333336,1969.0,791.25,7.0,Mild,Yes,RURAL,328.1666666666667,131.875
CV994,Female,5.0,11.0,3,24.666666666666668,1802.5,2920.0,9.0,Mild,No,RURAL,600.8333333333334,973.3333333333334
CV1220,Male,6.0,9.0,7,19.571428571428573,2038.0,2962.5,8.0,Severe,Yes,RURAL,291.14285714285717,423.2142857142857
CV914,Male,7.0,5.0,3,29.333333333333332,1135.0,318.0,7.0,Severe,No,RURAL,378.3333333333333,106.0
CV1300,Male,8.0,5.0,5,15.8,1478.0,1359.25,6.0,Severe,No,RURAL,295.6,271.85
CV1654,Female,6.0,5.0,7,29.142857142857142,8830.0,700.0,8.0,Moderate,No,RURAL,1261.4285714285713,100.0
CV845,Male,3.0,10.0,4,19.75,2422.0,465.5,7.0,Severe,No,RURAL,605.5,116.375
CV1234,Female,6.0,6.0,6,22.666666666666668,4406.0,7447.8325,9.0,Moderate,No,RURAL,734.3333333333334,1241.3054166666668
CV1737,Male,5.0,5.0,7,30.857142857142858,1849.0,14824.0,8.0,Moderate,No,RURAL,264.14285714285717,2117.714285714286
CV1472,Female,7.0,10.0,6,18.333333333333332,2863.0,12371.75,9.0,Moderate,Yes,RURAL,477.1666666666667,2061.9583333333335
CV1521,Female,5.0,11.0,5,45.2,2640.5,2551.0825000000004,8.0,None,No,RURAL,528.1,510.2165000000001
CV1526,Male,7.0,10.0,7,22.714285714285715,2985.0,36175.0,9.0,None,No,RURAL,426.42857142857144,5167.857142857143
CV1162,Male,6.0,13.0,5,25.6,7180.0,14726.5,8.0,Severe,No,RURAL,1436.0,2945.3
CV908,Male,6.0,12.0,6,15.5,2328.0,1657.5,8.0,Severe,Yes,RURAL,388.0,276.25
CV840,Male,6.0,9.0,5,13.0,1807.0,13554.75,9.0,Moderate,No,RURAL,361.4,2710.95
CV1748,Male,6.0,6.0,8,31.5,1074.0,575.0,8.0,Severe,,RURAL,134.25,71.875
CV1648,Female,3.0,7.0,8,17.875,4590.0,1590.0,9.0,Severe,Yes,RURAL,573.75,198.75
CV799,Male,6.0,10.0,3,25.666666666666668,527.0,249.66750000000002,8.0,Moderate,Yes,RURAL,175.66666666666666,83.22250000000001
CV1131,Female,6.0,5.0,5,20.6,1068.0,362.25,9.0,Moderate,No,RURAL,213.6,72.45
CV1527,Female,4.0,7.0,5,20.6,4469.0,1822.9250000000002,9.0,Severe,Yes,RURAL,893.8,364.58500000000004
CV1747,Female,6.0,5.0,7,18.142857142857142,1511.0,1297.5,9.0,Severe,No,RURAL,215.85714285714286,185.35714285714286
CV1115,Female,4.0,9.0,5,39.2,2265.0,26086.239999999998,8.0,None,No,RURAL,453.0,5217.248
CV1310,Male,6.0,10.0,5,25.2,677.0,1255.0,8.0,None,No,RURAL,135.4,251.0
CV1218,Female,7.0,5.0,4,23.5,1301.0,535.0,8.0,Moderate,Yes,RURAL,325.25,133.75
CV795,Male,5.0,12.0,3,20.666666666666668,505.0,1449.5,5.0,Moderate,Yes,RURAL,168.33333333333334,483.1666666666667
CV1650,Male,6.0,5.0,6,23.166666666666668,1679.0,1843.75,9.0,Moderate,Yes,RURAL,279.8333333333333,307.2916666666667
CV1380,Female,8.0,5.0,5,33.0,1305.0,715.0,8.0,Moderate,No,RURAL,261.0,143.0
CV1714,Male,5.0,7.0,8,16.125,1774.0,707.0825,8.0,Mild,Yes,RURAL,221.75,88.3853125
CV1311,Female,5.0,7.0,8,18.857142857142858,1123.0,65.0,4.0,Severe,No,RURAL,140.375,8.125
CV1809,Female,6.0,7.0,11,22.727272727272727,6476.0,2740.25,8.0,Moderate,Yes,RURAL,588.7272727272727,249.11363636363637
CV431,Male,3.0,5.0,4,13.333333333333334,2862.0,973.25,9.0,Moderate,No,RURAL,715.5,243.3125
CV671,Female,6.0,12.0,3,30.0,1230.0,638.75,7.0,Moderate,Yes,RURAL,410.0,212.91666666666666
CV1388,Female,7.0,11.0,5,28.4,741.0,157.75,9.0,Severe,Yes,RURAL,148.2,31.55
CV1383,Male,6.0,5.0,6,13.5,6407.5,596.25,9.0,None,Yes,RURAL,1067.9166666666667,99.375
CV1382,Male,7.0,5.0,5,22.4,1136.5,15964.75,9.0,Moderate,Yes,RURAL,227.3,3192.95
CV1118,Male,6.0,5.0,4,27.5,1098.0,251.25,8.0,Moderate,No,RURAL,274.5,62.8125
CV1275,Female,7.0,6.0,4,51.0,1181.0,1098.75,9.0,Moderate,No,RURAL,295.25,274.6875
CV1496,Female,7.0,5.0,5,22.4,1100.67,1021.665,9.0,Moderate,Yes,RURAL,220.13400000000001,204.333
CV966,Female,5.0,8.0,3,21.666666666666668,642.0,58.5,9.0,Severe,No,RURAL,214.0,19.5
CV1129,Male,6.0,6.0,4,24.0,412.5,392.71000000000004,9.0,Moderate,No,RURAL,103.125,98.17750000000001
CV1130,Male,7.0,7.0,6,23.166666666666668,855.0,2075.0,8.0,None,Yes,RURAL,142.5,345.8333333333333
CV1389,Male,4.0,12.0,8,19.625,1279.0,208.25,5.0,Moderate,Yes,RURAL,159.875,26.03125
CV1155,Female,,7.0,4,20.75,2340.0,208.5,9.0,Severe,Yes,RURAL,585.0,52.125
CV1409,Male,7.0,9.0,6,21.666666666666668,2600.0,3610.625,9.0,Mild,Yes,RURAL,433.3333333333333,601.7708333333334
CV1156,Male,7.0,4.0,4,24.25,997.0,220.5,9.0,None,No,RURAL,249.25,55.125
CV964,Male,7.0,5.0,3,20.0,1723.0,337.25,9.0,Mild,No,RURAL,574.3333333333334,112.41666666666667
CV1414,Male,6.0,5.0,6,15.333333333333334,1241.5,1172.0825,9.0,Moderate,Yes,RURAL,206.91666666666666,195.34708333333333
CV906,Female,3.0,5.0,4,15.5,2594.5,1117.5,9.0,Moderate,No,RURAL,648.625,279.375
CV1381,Female,6.0,5.0,5,19.0,1139.0,989.75,7.0,Moderate,No,RURAL,227.8,197.95
CV1216,Male,6.0,8.0,6,17.166666666666668,2175.0,589.5,9.0,Moderate,No,RURAL,362.5,98.25
CV1157,Female,7.0,6.0,5,23.2,3115.0,1185.5,9.0,Severe,No,RURAL,623.0,237.1
CV1456,Female,6.0,8.0,7,23.428571428571427,1392.67,692.875,9.0,Moderate,No,RURAL,198.95285714285714,98.98214285714286
CV1408,Male,6.0,11.0,6,21.333333333333332,1089.0,1883.75,8.0,Mild,No,RURAL,181.5,313.9583333333333
CV1152,Female,7.0,7.0,6,37.333333333333336,2359.0,716.77,8.0,Severe,Yes,RURAL,393.1666666666667,119.46166666666666
CV881,Female,7.0,9.0,4,18.75,1027.0,938.335,9.0,Moderate,No,RURAL,256.75,234.58375
CV1745,Male,5.0,12.0,8,22.25,2275.0,1507.5,8.0,Moderate,No,RURAL,284.375,188.4375
CV971,Female,7.0,12.0,5,16.4,911.0,670.25,9.0,Severe,No,RURAL,182.2,134.05
CV1277,Male,5.0,6.0,4,14.75,1617.5,2330.0,8.0,Mild,No,RURAL,404.375,582.5
CV1127,Male,8.0,5.0,4,19.0,1229.0,380.75,9.0,Moderate,No,RURAL,307.25,95.1875
CV1713,Male,6.0,11.0,7,26.285714285714285,1293.0,736.25,8.0,Severe,Yes,RURAL,184.71428571428572,105.17857142857143
CV873,Female,6.0,5.0,4,14.0,4107.0,729.75,9.0,None,No,RURAL,1026.75,182.4375
CV1232,Male,6.0,8.0,5,20.0,2490.0,6510.0,9.0,None,No,RURAL,498.0,1302.0
CV978,Male,5.0,8.0,3,22.333333333333332,1149.0,1946.25,7.0,Moderate,No,RURAL,383.0,648.75
CV990,Female,6.0,8.0,3,14.0,3120.0,2383.335,9.0,None,No,RURAL,1040.0,794.445
CV919,Male,8.0,11.0,5,16.8,2460.0,1517.5,7.0,Severe,Yes,RURAL,492.0,303.5
CV1231,Male,7.0,6.0,5,16.8,2460.0,1517.5,7.0,Severe,Yes,RURAL,492.0,303.5
CV1418,Female,3.0,7.0,6,17.5,1966.0,751.25,9.0,Severe,No,RURAL,327.6666666666667,125.20833333333333
CV1453,Male,2.0,5.0,5,31.2,7207.5,1622.5,8.0,Severe,No,RURAL,1441.5,324.5
CV1208,Male,3.0,8.0,5,35.4,2380.0,1288.75,9.0,Moderate,No,RURAL,476.0,257.75
CV804,Female,6.0,7.0,4,21.5,2601.0,1317.5,7.0,Severe,No,RURAL,650.25,329.375
CV1416,Female,8.0,5.0,5,15.4,644.0,506.75,7.0,Severe,Yes,RURAL,128.8,101.35
CV1511,Male,7.0,8.0,6,16.833333333333332,1899.0,2803.5,9.0,Severe,Yes,RURAL,316.5,467.25
CV1828,Female,8.0,9.0,10,21.1,1942.0,2498.5,9.0,Moderate,No,RURAL,194.2,249.85
CV763,Male,5.0,6.0,4,16.605,1742.0,110.375,7.0,Severe,Yes,RURAL,435.5,27.59375
CV1112,Female,4.0,6.0,5,15.0,1430.0,513.75,9.0,Moderate,Yes,RURAL,286.0,102.75
CV962,Male,4.0,6.0,5,14.4,1620.0,3382.5,9.0,Mild,Yes,RURAL,324.0,676.5
CV899,Female,3.0,9.0,3,17.333333333333332,2774.0,3762.5,9.0,Severe,Yes,RURAL,924.6666666666666,1254.1666666666667
CV767,Male,4.0,11.0,6,18.166666666666668,625.0,2000.0,5.0,Severe,Yes,RURAL,104.16666666666667,333.3333333333333
CV879,Female,5.0,11.0,3,37.0,379.0,109.0,7.0,Moderate,Yes,RURAL,126.33333333333333,36.333333333333336
CV1695,Male,4.0,11.0,10,22.0,1800.0,1490.0,7.0,Moderate,Yes,RURAL,180.0,149.0
CV766,Male,5.0,12.0,6,18.333333333333332,700.0,75.0,8.0,Severe,Yes,RURAL,116.66666666666667,12.5
CV765,Male,6.0,11.0,4,22.25,606.0,277.5,9.0,Severe,Yes,RURAL,151.5,69.375
CV1608,Male,6.0,5.0,6,26.833333333333332,1005.0,301.25,9.0,Severe,No,RURAL,167.5,50.208333333333336
CV1431,Female,7.0,12.0,7,18.857142857142858,896.0,724.8325,8.0,Severe,No,RURAL,128.0,103.5475
CV1209,Male,7.0,9.0,5,19.0,1129.0,179.75,9.0,Mild,Yes,RURAL,225.8,35.95
CV1750,Male,,12.0,10,18.3,1579.0,929.0,9.0,Mild,Yes,RURAL,157.9,92.9
CV1446,Female,6.0,8.0,8,18.625,2757.0,1171.455,9.0,Moderate,Yes,RURAL,344.625,146.431875
CV1417,Female,6.0,10.0,6,24.833333333333332,844.0,164.0,8.0,Moderate,No,RURAL,140.66666666666666,27.333333333333332
CV1286,Female,6.0,9.0,5,19.6,1569.0,935.0,9.0,Severe,Yes,RURAL,313.8,187.0
CV1707,Male,6.0,5.0,7,21.428571428571427,3975.0,2188.5,9.0,Moderate,Yes,RURAL,567.8571428571429,312.64285714285717
CV1387,Female,6.0,11.0,6,19.833333333333332,1656.0,398.5,9.0,Mild,Yes,RURAL,276.0,66.41666666666667
CV1230,Female,7.0,5.0,5,16.4,1590.0,4775.0,8.0,Moderate,No,RURAL,318.0,955.0
CV1123,Male,8.0,9.0,5,19.2,3126.0,590.75,9.0,Mild,No,RURAL,625.2,118.15
CV981,Female,6.0,8.0,6,12.833333333333334,1056.0,1338.75,9.0,Severe,No,RURAL,176.0,223.125
CV1169,Female,4.0,10.0,4,26.0,1806.0,1897.25,8.0,None,No,RURAL,451.5,474.3125
CV1751,Female,6.0,7.0,8,17.0,2510.0,445.0,9.0,Moderate,Yes,RURAL,313.75,55.625
CV1623,Male,4.0,8.0,10,16.9,2313.0,2260.0,9.0,Moderate,No,RURAL,231.3,226.0
CV1620,Male,7.0,9.0,6,24.833333333333332,2809.0,678.4174999999996,9.0,Mild,Yes,RURAL,468.1666666666667,113.06958333333326
CV1753,Female,5.0,5.0,7,21.142857142857142,632.5,1067.5,9.0,Severe,Yes,RURAL,90.35714285714286,152.5
CV1420,Female,5.0,5.0,5,26.6,894.0,309.25,6.0,Severe,Yes,RURAL,178.8,61.85
CV847,Female,3.0,7.0,4,17.5,744.0,317.5,9.0,Moderate,No,RURAL,186.0,79.375
CV979,Female,6.0,9.0,5,21.2,1350.0,425.0,9.0,Moderate,No,RURAL,270.0,85.0
CV1171,Male,5.0,8.0,5,19.0,834.0,1104.25,8.0,Severe,No,RURAL,166.8,220.85
CV1295,Female,7.0,11.0,5,26.0,2603.0,480.41499999999996,9.0,Moderate,No,RURAL,520.6,96.083
CV1141,Male,2.0,10.0,7,20.285714285714285,833.0,729.5,6.0,Severe,Yes,RURAL,119.0,104.21428571428571
CV1613,Male,5.0,10.0,6,28.333333333333332,1929.0,5490.0,8.0,Moderate,No,RURAL,321.5,915.0
CV1493,Male,6.0,6.0,6,19.333333333333332,2237.0,231.0,6.0,Severe,No,RURAL,372.8333333333333,38.5
CV1622,Female,5.0,8.0,6,26.833333333333332,2595.0,582.5,9.0,Severe,Yes,RURAL,432.5,97.08333333333333
CV1194,Male,6.0,7.0,6,16.166666666666668,1743.0,5371.75,9.0,Moderate,Yes,RURAL,290.5,895.2916666666666
CV791,Female,4.0,10.0,5,17.0,421.0,298.25,6.0,Moderate,Yes,RURAL,84.2,59.65
CV1273,Male,5.0,10.0,5,24.6,4960.0,838.75,9.0,Severe,Yes,RURAL,992.0,167.75
CV1712,Female,6.0,10.0,7,31.285714285714285,1912.0,187.5,9.0,Severe,Yes,RURAL,273.14285714285717,26.785714285714285
CV1834,Male,6.0,12.0,11,12.363636363636363,1604.0,429.75,9.0,Severe,Yes,RURAL,145.8181818181818,39.06818181818182
CV792,Male,5.0,14.0,7,16.571428571428573,1001.0,122.0,9.0,Moderate,Yes,RURAL,143.0,17.428571428571427
CV833,Male,3.0,13.0,5,18.6,545.0,302.0,8.0,Severe,Yes,RURAL,109.0,60.4
CV1228,Female,5.0,5.0,4,34.75,2002.0,2105.75,9.0,Severe,Yes,RURAL,500.5,526.4375
CV1229,Male,7.0,5.0,6,28.833333333333332,2092.0,3090.75,8.0,Severe,No,RURAL,348.6666666666667,515.125
CV1196,Male,7.0,6.0,4,22.25,1620.0,1386.0,8.0,Severe,Yes,RURAL,405.0,346.5
CV823,Female,7.0,9.0,4,19.5,1236.0,306.8299999999999,9.0,Moderate,No,RURAL,309.0,76.70749999999998
CV1796,Male,6.0,8.0,9,30.0,2014.0,401.41499999999996,9.0,Moderate,Yes,RURAL,223.77777777777777,44.60166666666666
CV1289,Female,7.0,10.0,5,21.0,1040.0,4345.0,8.0,Severe,Yes,RURAL,208.0,869.0
CV1786,Female,5.0,5.0,8,32.875,2472.0,6442.0,9.0,Mild,No,RURAL,309.0,805.25
CV989,Male,4.0,11.0,6,17.166666666666668,1552.0,165.9375,9.0,Moderate,Yes,RURAL,258.6666666666667,27.65625
CV1085,Female,6.0,5.0,4,23.5,3388.0,6817.08,9.0,Moderate,No,RURAL,847.0,1704.27
CV938,Male,4.0,5.0,4,15.25,1150.0,615.0,9.0,Severe,No,RURAL,287.5,153.75
CV829,Male,5.0,7.0,3,24.333333333333332,1535.0,850.8299999999999,9.0,Moderate,Yes,RURAL,511.6666666666667,283.60999999999996
CV1402,Male,5.0,9.0,5,26.4,5600.0,5655.75,9.0,Moderate,No,RURAL,1120.0,1131.15
CV1481,Female,4.0,5.0,5,23.4,2939.5,3130.0,9.0,Moderate,Yes,RURAL,587.9,626.0
CV934,Female,6.0,12.0,9,19.88888888888889,1594.0,772.5,8.0,Severe,No,RURAL,177.11111111111111,85.83333333333333
CV1609,Male,,12.0,6,27.0,3457.0,2200.5,8.0,None,Yes,RURAL,576.1666666666666,366.75
CV789,Male,5.0,8.0,3,22.333333333333332,3049.0,2116.5,9.0,Mild,No,RURAL,1016.3333333333334,705.5
CV607,Male,3.0,14.0,3,28.333333333333332,2164.0,2362.5,9.0,Mild,Yes,RURAL,721.3333333333334,787.5
CV936,Female,4.0,5.0,5,23.0,1179.0,783.0,8.0,Mild,Yes,RURAL,235.8,156.6
CV1730,Male,7.0,5.0,8,23.0,1405.0,425.5,8.0,Severe,Yes,RURAL,175.625,53.1875
CV1479,Female,6.0,5.0,5,18.4,1545.0,875.0,8.0,Mild,No,RURAL,309.0,175.0
CV761,Male,5.0,6.0,4,21.5,1670.0,308.5,9.0,Moderate,No,RURAL,417.5,77.125
CV944,Male,3.0,6.0,4,15.0,2133.0,839.75,9.0,None,No,RURAL,533.25,209.9375
CV1245,Female,6.0,10.0,4,25.0,4636.0,1831.25,9.0,Mild,Yes,RURAL,1159.0,457.8125
CV1742,Male,4.0,10.0,7,23.0,3065.0,2687.5,8.0,Severe,Yes,RURAL,437.85714285714283,383.92857142857144
CV941,Male,7.0,12.0,6,18.166666666666668,1444.0,820.0,8.0,Severe,No,RURAL,240.66666666666666,136.66666666666666
CV1435,Male,6.0,10.0,7,17.285714285714285,2636.0,737.5,9.0,Moderate,Yes,RURAL,376.57142857142856,105.35714285714286
CV1270,Male,,6.0,9,23.555555555555557,6955.0,2541.25,9.0,Moderate,Yes,RURAL,772.7777777777778,282.3611111111111
CV937,Male,5.0,6.0,3,21.333333333333332,1373.0,1940.0,9.0,Moderate,No,RURAL,457.6666666666667,646.6666666666666
CV897,Male,4.0,8.0,4,21.333333333333332,1634.0,2506.0,9.0,Mild,No,RURAL,408.5,626.5
CV953,Female,6.0,12.0,5,18.4,5966.0,300.75,9.0,Severe,Yes,RURAL,1193.2,60.15
CV1251,Female,8.0,22.0,4,37.75,2598.0,961.75,6.0,None,No,RURAL,649.5,240.4375
CV935,Male,6.0,9.0,4,22.0,4784.0,1120.0,9.0,Severe,Yes,RURAL,1196.0,280.0
CV1363,Male,3.0,6.0,5,32.2,2641.0,5085.0,9.0,Moderate,No,RURAL,528.2,1017.0
CV1086,Male,7.0,9.0,4,36.25,2117.0,27283.75,9.0,None,No,RURAL,529.25,6820.9375
CV959,Male,6.0,10.0,4,19.5,2653.0,387.75,9.0,Mild,No,RURAL,663.25,96.9375
CV693,Male,4.0,8.0,4,17.75,2194.0,1060.21,9.0,None,No,RURAL,548.5,265.0525
CV1567,Male,4.0,5.0,6,16.0,4186.0,2617.75,9.0,Moderate,No,RURAL,697.6666666666666,436.2916666666667
CV948,Female,6.0,6.0,4,14.5,1925.0,730.0,9.0,None,No,RURAL,481.25,182.5
CV677,Female,3.0,6.0,4,15.4575,1545.0,601.25,9.0,Mild,No,RURAL,386.25,150.3125
CV1014,Male,5.0,10.0,5,47.0,1593.0,297.75,9.0,Mild,No,RURAL,318.6,59.55
CV1096,Male,3.0,11.0,5,25.2,1457.0,3900.5,9.0,Mild,Yes,RURAL,291.4,780.1
CV1099,Female,5.0,11.0,4,23.75,1002.0,1037.5,9.0,Mild,Yes,RURAL,250.5,259.375
CV1260,Male,7.0,8.0,5,20.0,3074.0,686.165,9.0,Moderate,No,RURAL,614.8,137.233
CV772,Male,5.0,10.0,3,31.333333333333332,2247.0,1538.625,9.0,None,No,RURAL,749.0,512.875
CV1864,Male,4.0,11.0,13,28.333333333333332,3301.0,3850.0,9.0,Moderate,No,RURAL,253.92307692307693,296.15384615384613
CV1482,Male,6.0,5.0,5,17.4,3315.0,609.25,7.0,Moderate,No,RURAL,663.0,121.85
CV1259,Female,7.0,5.0,5,15.6,2692.0,2030.75,8.0,Severe,No,RURAL,538.4,406.15
CV1639,Female,5.0,6.0,6,22.0,4425.0,2810.5,9.0,Mild,Yes,RURAL,737.5,468.4166666666667
CV1011,Male,5.0,10.0,5,21.6,4599.0,1484.5,9.0,Mild,No,RURAL,919.8,296.9
CV1512,Female,6.0,11.0,8,17.0,2356.0,1875.0,9.0,Severe,Yes,RURAL,294.5,234.375
CV1013,Male,7.0,10.0,5,18.8,1060.0,881.25,9.0,None,Yes,RURAL,212.0,176.25
CV1324,Female,8.0,11.0,6,11.0,2315.0,1626.75,8.0,Moderate,Yes,RURAL,385.8333333333333,271.125
CV1316,Female,6.0,5.0,5,20.4,1695.0,700.0,8.0,Mild,Yes,RURAL,339.0,140.0
CV1568,Female,7.0,8.0,8,25.875,2000.0,719.75,8.0,Mild,No,RURAL,250.0,89.96875
CV951,Female,5.0,7.0,8,32.375,1657.0,1268.4125,9.0,Mild,Yes,RURAL,207.125,158.5515625
CV680,Male,3.0,5.0,3,32.666666666666664,1685.0,840.0,8.0,Severe,No,RURAL,561.6666666666666,280.0
CV675,Female,5.0,8.0,5,14.8,2106.0,1021.5,6.0,Moderate,No,RURAL,421.2,204.3
CV1535,Female,7.0,10.0,8,17.375,1407.0,1648.75,9.0,Severe,Yes,RURAL,175.875,206.09375
CV679,Female,6.0,6.0,3,22.666666666666668,1192.75,333.33500000000004,9.0,Moderate,No,RURAL,397.5833333333333,111.11166666666668
CV611,Female,4.0,7.0,5,19.0,1296.0,3762.4974999999995,6.0,Severe,Yes,RURAL,259.2,752.4994999999999
CV771,Female,6.0,8.0,4,16.5,1313.0,1482.5,8.0,Mild,Yes,RURAL,328.25,370.625
CV1872,Female,6.0,7.0,12,30.583333333333332,2318.0,924.0,8.0,Moderate,No,RURAL,193.16666666666666,77.0
CV1317,Male,6.0,6.0,6,19.5,1462.0,281.25,9.0,Mild,No,RURAL,243.66666666666666,46.875
CV617,Male,5.0,6.0,2,19.0,397.0,743.3325,6.0,Severe,No,RURAL,198.5,371.66625
CV1255,Female,6.0,8.0,4,30.5,2825.0,2420.0,8.0,Mild,No,RURAL,706.25,605.0
CV890,Male,6.0,6.0,4,22.0,4121.0,3141.25,8.0,Severe,No,RURAL,1030.25,785.3125
CV1856,Male,5.0,5.0,11,22.90909090909091,2139.5,1356.75,8.0,Moderate,No,RURAL,194.5,123.3409090909091
CV862,Male,6.0,5.0,3,41.0,670.33,25.167500000000018,8.0,Severe,No,RURAL,223.44333333333336,8.389166666666673
CV1175,Male,2.0,8.0,5,23.2,2283.5,3477.25,8.0,Mild,No,RURAL,456.7,695.45
CV856,Female,6.0,6.0,3,36.0,1898.0,528.75,9.0,Moderate,No,RURAL,632.6666666666666,176.25
CV1784,Female,7.0,10.0,8,16.875,2281.0,1835.75,9.0,Moderate,Yes,RURAL,285.125,229.46875
CV1203,Male,5.0,10.0,5,22.8,1292.0,469.75,6.0,Severe,Yes,RURAL,258.4,93.95
CV816,Male,6.0,11.0,4,21.5,1199.0,3121.5,8.0,Severe,Yes,RURAL,299.75,780.375
CV1603,Male,7.0,11.0,7,21.571428571428573,2112.0,332.25,9.0,Mild,Yes,RURAL,301.7142857142857,47.464285714285715
CV1440,Female,5.0,13.0,9,17.333333333333332,818.0,1124.75,6.0,Severe,Yes,RURAL,90.88888888888889,124.97222222222223
CV1583,Male,6.0,5.0,6,14.333333333333334,1235.0,907.25,8.0,Severe,Yes,RURAL,205.83333333333334,151.20833333333334
CV1201,Male,8.0,5.0,5,36.6,2668.0,4864.5,9.0,None,No,RURAL,533.6,972.9
CV1720,Female,7.0,5.0,10,17.8,1470.0,538.75,8.0,Moderate,Yes,RURAL,147.0,53.875
CV1173,Female,6.0,7.0,4,22.25,1003.0,868.25,9.0,Moderate,No,RURAL,250.75,217.0625
CV1790,Male,6.0,7.0,10,14.0,2067.0,674.75,9.0,Severe,No,RURAL,206.7,67.475
CV1132,Female,7.0,9.0,4,26.0,2153.0,2277.5,9.0,Moderate,Yes,RURAL,538.25,569.375
CV818,Female,7.0,10.0,5,25.6,1924.0,164.25,9.0,Moderate,Yes,RURAL,384.8,32.85
CV830,Male,7.0,13.0,5,20.0,1766.5,5004.25,9.0,Moderate,Yes,RURAL,353.3,1000.85
CV864,Male,5.0,11.0,5,19.4,2482.0,877.375,9.0,Mild,No,RURAL,496.4,175.475
CV1616,Female,5.0,13.0,6,30.666666666666668,872.0,445.75,8.0,Severe,Yes,RURAL,145.33333333333334,74.29166666666667
CV870,Male,3.0,5.0,4,15.75,876.0,314.25,6.0,Severe,No,RURAL,219.0,78.5625
CV814,Male,8.0,5.0,3,19.333333333333332,1019.5,3467.5,9.0,Mild,No,RURAL,339.8333333333333,1155.8333333333333
CV861,Male,6.0,7.0,4,17.5,989.0,1030.25,7.0,Mild,No,RURAL,247.25,257.5625
CV1443,Female,3.0,7.0,7,26.142857142857142,1994.0,1099.25,8.0,Severe,No,RURAL,284.85714285714283,157.03571428571428
CV526,Male,4.0,8.0,4,14.666666666666666,0.0,0.0,0.0,,Yes,RURAL,0.0,0.0
CV1602,Female,7.0,12.0,8,30.25,2042.0,1925.0,8.0,Severe,No,RURAL,255.25,240.625
CV857,Male,4.0,11.0,3,24.0,1590.0,1334.0,9.0,Moderate,No,RURAL,530.0,444.6666666666667
CV1183,Male,6.0,5.0,4,31.25,1801.0,592.25,8.0,Moderate,No,RURAL,450.25,148.0625
CV1429,Male,6.0,5.0,7,12.857142857142858,510.5,340.645,7.0,Moderate,No,RURAL,72.92857142857143,48.66357142857142
CV815,Male,8.0,5.0,7,27.571428571428573,1794.0,1822.5,7.0,Moderate,No,RURAL,256.2857142857143,260.35714285714283
CV1176,Male,7.0,8.0,7,12.5,823.0,176.0,8.0,Moderate,No,RURAL,117.57142857142857,25.142857142857142
CV551,Female,5.0,7.0,2,16.5,1691.0,111.39499999999998,7.0,Moderate,No,RURAL,845.5,55.69749999999999
CV1149,Male,6.0,11.0,6,14.0,1745.0,555.25,8.0,Severe,No,RURAL,290.8333333333333,92.54166666666667
CV854,Male,3.0,12.0,4,36.25,293.0,286.75,6.0,Moderate,Yes,RURAL,73.25,71.6875
CV1036,Female,6.0,5.0,6,16.0,875.0,135.0,9.0,Moderate,No,RURAL,145.83333333333334,22.5
CV779,Female,3.0,5.0,5,26.6,1445.0,1227.25,8.0,Mild,Yes,RURAL,289.0,245.45
CV1057,Female,7.0,5.0,4,30.0,1119.0,324.0,9.0,Severe,Yes,RURAL,279.75,81.0
CV778,Male,4.0,8.0,4,25.0,1248.0,582.5,8.0,Severe,No,RURAL,312.0,145.625
CV688,Male,6.0,7.0,3,29.333333333333332,3320.0,1995.0,9.0,Moderate,No,RURAL,1106.6666666666667,665.0
CV687,Male,7.0,8.0,4,19.25,1850.0,1250.0,8.0,Severe,Yes,RURAL,462.5,312.5
CV1101,Female,5.0,10.0,4,34.75,820.0,323.25,9.0,Mild,No,RURAL,205.0,80.8125
CV1017,Male,7.0,11.0,7,14.428571428571429,2513.0,695.8325,9.0,Moderate,Yes,RURAL,359.0,99.40464285714286
CV783,Female,6.0,18.0,4,22.5,3210.0,957.1875,8.0,None,Yes,RURAL,802.5,239.296875
CV1056,Female,7.0,5.0,4,21.25,1664.0,620.0,9.0,Moderate,Yes,RURAL,416.0,155.0
CV1827,Female,5.0,5.0,11,15.727272727272727,1983.0,2006.25,7.0,Severe,Yes,RURAL,180.27272727272728,182.38636363636363
CV1571,Female,7.0,5.0,6,15.666666666666666,1427.0,23666.25,8.0,Mild,No,RURAL,237.83333333333334,3944.375
CV775,Male,6.0,7.0,4,19.0,1491.0,132.5,8.0,Mild,No,RURAL,372.75,33.125
CV352,Male,7.0,8.0,4,24.5,1597.0,3127.0,9.0,Mild,No,RURAL,399.25,781.75
CV689,Male,7.0,7.0,4,24.5,1597.0,3127.0,9.0,Mild,No,RURAL,399.25,781.75
CV440,Female,4.0,10.0,8,30.875,1594.0,2735.5,9.0,Mild,No,RURAL,199.25,341.9375
CV1018,Male,7.0,10.0,7,16.285714285714285,1414.0,345.83500000000004,8.0,Moderate,No,RURAL,202.0,49.40500000000001
CV1572,Female,6.0,12.0,8,21.625,2982.0,5268.1875,8.0,Severe,No,RURAL,372.75,658.5234375
CV692,Male,6.0,8.0,4,17.25,1651.0,1567.5,8.0,Severe,No,RURAL,412.75,391.875
CV1031,Female,4.0,14.0,4,35.75,2560.0,1275.0,8.0,Mild,Yes,RURAL,640.0,318.75
CV1538,Male,3.0,11.0,9,17.666666666666668,2865.0,4937.5,9.0,Moderate,No,RURAL,318.3333333333333,548.6111111111111
CV1328,Female,8.0,5.0,6,19.5,2967.0,717.25,9.0,Severe,No,RURAL,494.5,119.54166666666667
CV1023,Female,3.0,5.0,6,11.666666666666666,1070.0,1058.75,7.0,Severe,No,RURAL,178.33333333333334,176.45833333333334
CV1029,Male,3.0,6.0,6,20.333333333333332,2058.0,2182.5,9.0,None,No,RURAL,343.0,363.75
CV701,Female,4.0,8.0,3,33.0,1660.0,737.5,9.0,Severe,No,RURAL,553.3333333333334,245.83333333333334
CV1030,Male,4.0,7.0,5,26.4,2204.0,381.25,9.0,Moderate,Yes,RURAL,440.8,76.25
CV1019,Female,5.0,5.0,5,16.8,1057.0,525.0,6.0,Moderate,No,RURAL,211.4,105.0
CV1876,Male,3.0,10.0,12,25.0,7513.5,10407.5,9.0,Moderate,Yes,RURAL,626.125,867.2916666666666
CV703,Female,2.0,10.0,4,15.0,1500.0,1350.0,7.0,Moderate,Yes,RURAL,375.0,337.5
CV1770,Female,6.0,6.0,8,20.125,2087.0,2455.0,8.0,Moderate,No,RURAL,260.875,306.875
CV720,Male,6.0,9.0,6,32.0,1347.0,153.25,8.0,Mild,No,RURAL,224.5,25.541666666666668
CV733,Male,6.0,5.0,3,22.0,1622.0,1834.5,8.0,Mild,No,RURAL,540.6666666666666,611.5
CV721,Female,4.0,5.0,5,17.6,3688.0,105.0,8.0,Severe,Yes,RURAL,737.6,21.0
CV1053,Female,6.0,7.0,4,27.25,752.0,1616.5,8.0,Moderate,No,RURAL,188.0,404.125
CV1546,Female,6.0,7.0,6,21.166666666666668,1610.0,2293.75,8.0,Severe,Yes,RURAL,268.3333333333333,382.2916666666667
CV1042,Male,5.0,9.0,7,31.142857142857142,3375.0,1684.25,9.0,None,No,RURAL,482.14285714285717,240.60714285714286
CV1049,Male,7.0,10.0,7,16.571428571428573,3443.0,3398.5,9.0,None,No,RURAL,491.85714285714283,485.5
CV785,Female,8.0,10.0,3,28.0,1506.0,557.5,8.0,Severe,No,RURAL,502.0,185.83333333333334
CV714,Female,7.0,8.0,4,17.0,1293.0,736.5,9.0,Mild,No,RURAL,323.25,184.125
CV1767,Female,5.0,16.0,11,19.454545454545453,2130.0,2630.0,8.0,Moderate,No,RURAL,193.63636363636363,239.0909090909091
CV1340,Male,5.0,16.0,7,20.571428571428573,787.0,981.25,9.0,Moderate,Yes,RURAL,112.42857142857143,140.17857142857142
CV1063,Female,7.0,5.0,4,27.5,2427.0,375.0,9.0,Severe,Yes,RURAL,606.75,93.75
CV1039,Female,7.0,5.0,4,20.0,855.0,305.8325,9.0,Mild,No,RURAL,213.75,76.458125
CV1684,Male,6.0,7.0,7,27.428571428571427,1610.0,1582.5,9.0,Moderate,Yes,RURAL,230.0,226.07142857142858
CV1337,Male,5.0,8.0,8,23.375,540.5,676.0,7.0,Moderate,Yes,RURAL,67.5625,84.5
CV1048,Female,5.0,8.0,5,24.2,933.0,662.5,9.0,Severe,Yes,RURAL,186.6,132.5
CV784,Male,6.0,10.0,3,21.666666666666668,2227.0,834.75,9.0,Mild,No,RURAL,742.3333333333334,278.25
CV731,Male,7.0,10.0,4,22.75,2260.0,686.6675,9.0,Moderate,Yes,RURAL,565.0,171.666875
CV378,Female,5.0,14.0,4,26.5,1655.0,450.0,9.0,Severe,Yes,RURAL,413.75,112.5
CV706,Male,4.0,11.0,8,15.0,1204.0,1423.75,8.0,Severe,Yes,RURAL,150.5,177.96875
CV730,Female,8.0,5.0,4,19.75,1994.0,857.0,9.0,Severe,Yes,RURAL,498.5,214.25
CV746,Male,5.0,6.0,3,28.333333333333332,850.0,1884.0,9.0,Moderate,No,RURAL,283.3333333333333,628.0
CV1073,Male,7.0,6.0,10,27.875,2064.0,2837.3325000000004,9.0,None,No,RURAL,206.4,283.73325000000006
CV1771,Male,5.0,11.0,9,23.77777777777778,3246.0,1267.5,9.0,Severe,No,RURAL,360.6666666666667,140.83333333333334
CV1041,Male,7.0,11.0,5,25.4,1503.0,550.75,8.0,Severe,Yes,RURAL,300.6,110.15
CV716,Male,4.0,11.0,4,18.5,1061.0,367.5,9.0,Moderate,No,RURAL,265.25,91.875
CV729,Female,6.0,6.0,4,19.25,1227.0,674.04,8.0,Moderate,No,RURAL,306.75,168.51
CV1059,Male,7.0,5.0,5,15.6,992.0,625.5,9.0,Severe,No,RURAL,198.4,125.1
CV1558,Female,6.0,5.0,6,18.166666666666668,2089.5,1898.25,9.0,None,Yes,RURAL,348.25,316.375
CV786,Male,7.0,13.0,4,24.5,3067.0,537.25,9.0,Moderate,Yes,RURAL,766.75,134.3125
CV1768,Male,5.0,11.0,8,32.25,12156.0,41705.25,9.0,Severe,Yes,RURAL,1519.5,5213.15625
CV1688,Male,7.0,10.0,7,23.714285714285715,1289.0,311.3325,9.0,None,Yes,RURAL,184.14285714285714,44.47607142857142
CV1210,Female,8.0,5.0,5,17.2,889.0,581.5825,9.0,Moderate,Yes,RURAL,177.8,116.31649999999999
CV1776,Female,6.0,5.0,8,24.75,1658.5,390.5,8.0,Moderate,No,RURAL,207.3125,48.8125
CV1264,Female,6.0,8.0,4,18.25,2955.0,730.0,8.0,Moderate,No,RURAL,738.75,182.5
CV742,Male,4.0,9.0,4,20.25,1699.0,1906.25,9.0,Mild,No,RURAL,424.75,476.5625
CV1401,Male,6.0,11.0,5,28.0,5160.0,565.25,9.0,Severe,No,RURAL,1032.0,113.05
CV758,Male,7.0,10.0,4,21.0,1005.0,904.75,9.0,Severe,Yes,RURAL,251.25,226.1875
CV752,Male,4.0,10.0,5,24.0,1102.0,174.25,9.0,Moderate,Yes,RURAL,220.4,34.85
CV1082,Female,5.0,10.0,4,24.0,1566.0,904.5,9.0,Severe,No,RURAL,391.5,226.125
CV1075,Female,5.0,5.0,5,15.0,1696.0,928.9575,9.0,Moderate,No,RURAL,339.2,185.79149999999998
CV1267,Male,7.0,5.0,5,22.4,1886.0,468.75,8.0,Moderate,Yes,RURAL,377.2,93.75
CV1556,Female,6.0,8.0,9,15.222222222222221,3950.0,2717.5,9.0,Moderate,Yes,RURAL,438.8888888888889,301.94444444444446
CV743,Female,7.0,9.0,3,28.0,1507.5,2761.25,8.0,Severe,No,RURAL,502.5,920.4166666666666
CV1360,Female,4.0,11.0,6,23.0,2118.0,1220.0,9.0,Mild,Yes,RURAL,353.0,203.33333333333334
CV1375,Male,6.0,10.0,7,18.285714285714285,1830.0,1054.0,8.0,Moderate,Yes,RURAL,261.42857142857144,150.57142857142858
CV1694,Male,5.0,11.0,7,23.285714285714285,2785.0,1098.75,9.0,Mild,Yes,RURAL,397.85714285714283,156.96428571428572
CV1265,Male,8.0,11.0,8,29.125,1793.0,1156.0,9.0,Moderate,Yes,RURAL,224.125,144.5
CV1144,Male,5.0,7.0,4,22.5,1800.0,1284.75,8.0,Severe,No,RURAL,450.0,321.1875
CV1687,Female,3.0,10.0,11,26.363636363636363,2319.0,1975.0,9.0,None,No,RURAL,210.8181818181818,179.54545454545453
CV956,Female,5.0,11.0,4,30.25,1721.0,4247.5,9.0,Severe,No,RURAL,430.25,1061.875
CV741,Female,3.0,8.0,3,26.0,1015.0,712.1324999999999,9.0,Severe,No,RURAL,338.3333333333333,237.37749999999997
CV1190,Female,6.0,11.0,4,20.75,1791.0,3060.0,8.0,Moderate,No,RURAL,447.75,765.0
CV1143,Male,5.0,16.0,10,16.3,1938.0,349.25,8.0,Moderate,Yes,RURAL,193.8,34.925
CV400,Female,2.0,10.0,5,19.4,1072.0,968.0,9.0,Mild,No,RURAL,214.4,193.6
CV1110,Male,6.0,5.0,4,21.25,1329.0,452.25,7.0,Moderate,No,RURAL,332.25,113.0625
CV748,Female,5.0,10.0,3,24.666666666666668,1552.0,788.75,9.0,Severe,No,RURAL,517.3333333333334,262.9166666666667
CV1692,Female,7.0,11.0,8,23.125,2537.5,1088.7475,9.0,Moderate,Yes,RURAL,317.1875,136.0934375
CV1358,Male,7.0,10.0,5,21.8,1495.5,878.5,9.0,Severe,No,RURAL,299.1,175.7
CV1081,Male,,8.0,4,20.5,818.0,646.6675,8.0,Moderate,No,RURAL,204.5,161.666875
CV1070,Female,,13.0,7,34.4,4333.0,3356.25,9.0,None,No,RURAL,619.0,479.4642857142857
CV739,Female,6.0,11.0,5,16.4,1430.0,3095.0,9.0,Mild,No,RURAL,286.0,619.0
CV826,Female,5.0,14.0,4,21.5,2508.0,783.25,8.0,Severe,No,RURAL,627.0,195.8125
CV735,Male,7.0,15.0,5,27.2,3180.0,15337.5,8.0,Moderate,No,RURAL,636.0,3067.5
CV1076,Male,6.0,10.0,4,26.75,582.0,1905.75,7.0,Severe,No,RURAL,145.5,476.4375
VZ3,Male,8.0,13.0,5,22.2,2211.6249458,3746.224,8.0,Moderate,No,URBAN,442.32498916000003,749.2448
VZ11,Male,10.0,9.0,6,20.0,890.935958,1313.25,9.0,Severe,Yes,URBAN,148.48932633333334,218.875
VZ14,Male,5.0,10.0,4,19.25,2614.001798666666,356.03220999999996,11.0,None,Yes,URBAN,653.5004496666666,89.00805249999999
VZ21,Female,7.0,9.0,6,21.666666666666668,1608.3286939999998,1246.25,10.0,None,No,URBAN,268.0547823333333,207.70833333333334
VZ26,Female,6.0,8.0,7,24.571428571428573,1013.6821346666668,6180.0,8.0,Moderate,No,URBAN,144.81173352380955,882.8571428571429
VZ31,Male,7.0,7.0,5,17.0,1313.1761333333334,1932.9740000000002,11.0,Severe,No,URBAN,262.63522666666665,386.5948
VZ36,Female,9.0,9.0,3,20.333333333333332,1425.6840083333334,3780.0,10.0,None,No,URBAN,475.2280027777778,1260.0
VZ40,Female,7.0,12.0,5,21.8,1645.5874564,3203.59042,7.0,None,Yes,URBAN,329.11749128,640.718084
VZ49,Female,9.0,8.0,8,28.875,2338.888066833333,3134.175,12.0,Moderate,Yes,URBAN,292.36100835416664,391.771875
VZ52,Male,10.0,8.0,4,16.75,897.4512420833339,1919.75,7.0,Severe,No,URBAN,224.36281052083348,479.9375
VZ57,Female,8.0,9.0,4,24.25,632.1820292666667,2346.228,9.0,Mild,No,URBAN,158.0455073166667,586.557
VZ60,Male,8.0,8.0,4,16.75,826.1873025333333,2991.675,10.0,None,Yes,URBAN,206.54682563333333,747.91875
VZ68,Male,6.0,13.0,7,28.571428571428573,1867.34384405,3914.5,5.0,Moderate,Yes,URBAN,266.76340629285716,559.2142857142857
VZ71,Female,11.0,8.0,5,15.2,2491.8914990000003,3272.5,11.0,Moderate,No,URBAN,498.37829980000004,654.5
VZ77,Male,10.0,10.0,5,16.8,1275.1872943600001,1119.724,10.0,Moderate,No,URBAN,255.03745887200003,223.9448
VZ82,Female,7.0,12.0,5,22.4,983.8701,924.54,10.0,Severe,No,URBAN,196.77402,184.908
VZ87,Male,7.0,9.0,4,38.0,1368.4666296666667,2374.75,9.0,Mild,No,URBAN,342.11665741666667,593.6875
VZ93,Female,7.0,11.0,6,27.166666666666668,1233.1732423333333,2022.5,6.0,Mild,No,URBAN,205.52887372222222,337.0833333333333
VZ96,Female,6.0,12.0,3,44.666666666666664,1030.5040665733334,5171.961,10.0,Moderate,No,URBAN,343.5013555244445,1723.987
VZ100,Female,8.0,10.0,4,25.5,2256.028349333333,4867.5,10.0,None,No,URBAN,564.0070873333333,1216.875
VZ105,Male,7.0,10.0,6,21.333333333333332,2821.5199313333333,2425.0,10.0,None,No,URBAN,470.2533218888889,404.1666666666667
VZ109,Female,7.0,6.0,3,23.333333333333332,1045.8480055999999,798.04521,9.0,None,No,URBAN,348.61600186666664,266.01507
VZ112,Female,8.0,8.0,4,20.25,353.79015640000006,1257.5,6.0,Moderate,No,URBAN,88.44753910000001,314.375
VZ116,Female,8.0,6.0,4,21.25,1421.871714,8577.5,10.0,None,No,URBAN,355.4679285,2144.375
VZ119,Female,9.0,11.0,3,20.0,1045.4232993333333,1022.5,11.0,Mild,No,URBAN,348.47443311111107,340.8333333333333
VZ123,Female,9.0,13.0,6,17.333333333333332,1354.726466,10667.5,8.0,Severe,Yes,URBAN,225.78774433333334,1777.9166666666667
VZ129,Female,8.0,12.0,5,22.0,1941.117533333333,29815.0,8.0,Moderate,No,URBAN,388.2235066666666,5963.0
VZ137,Female,8.0,12.0,8,21.75,2915.6903504,3301.09042,9.0,Moderate,Yes,URBAN,364.4612938,412.6363025
VZ147,Female,7.0,10.0,12,24.0,1495.1049333333335,5603.79521,9.0,Moderate,No,URBAN,124.59207777777779,466.98293416666667
VZ159,Female,10.0,12.0,9,31.22222222222222,2334.5536220333333,4325.54521,11.0,None,No,URBAN,259.39484689259257,480.61613444444447
VZ163,Male,6.0,13.0,4,27.75,2524.8142000000003,1062.435,6.0,Severe,No,URBAN,631.2035500000001,265.60875
VZ167,Male,8.0,10.0,6,19.166666666666668,1514.7054212666667,301.675,12.0,Mild,Yes,URBAN,252.45090354444446,50.27916666666667
VZ174,Female,9.0,13.0,7,21.428571428571427,1373.5318000000002,1247.5,11.0,Mild,No,URBAN,196.2188285714286,178.21428571428572
VZ180,Female,8.0,9.0,4,23.75,1426.2743500000001,1265.0,10.0,None,No,URBAN,356.56858750000004,316.25
VZ185,Male,7.0,10.0,5,21.2,1674.4144461333333,507.5,8.0,Severe,No,URBAN,334.88288922666663,101.5
VZ190,Female,12.0,10.0,5,21.2,568.3152564,1974.25,8.0,Severe,No,URBAN,113.66305127999999,394.85
VZ194,Male,8.0,8.0,5,19.6,1272.218233,280.0,7.0,None,No,URBAN,254.44364660000002,56.0
VZ199,Male,9.0,8.0,4,24.75,1258.1122833333334,1126.224,9.0,None,No,URBAN,314.52807083333335,281.556
VZ203,Male,11.0,8.0,5,15.6,2031.198032666667,1627.974,11.0,Mild,No,URBAN,406.23960653333336,325.59479999999996
VZ213,Male,14.0,9.0,9,25.555555555555557,1406.3033329333334,2015.25,11.0,Mild,No,URBAN,156.2559258814815,223.91666666666666
VZ218,Male,7.0,8.0,4,26.75,1281.017404766667,792.04521,10.0,Moderate,Yes,URBAN,320.25435119166673,198.0113025
VZ221,Female,11.0,10.0,7,19.285714285714285,1388.6324182666667,8675.0,9.0,Severe,No,URBAN,198.37605975238097,1239.2857142857142
VZ232,Male,9.0,13.0,8,19.5,2050.7350436866673,15625.0,10.0,Severe,Yes,URBAN,256.3418804608334,1953.125
VZ239,Female,7.0,9.0,6,31.833333333333332,2289.735899666667,2681.25,10.0,None,No,URBAN,381.6226499444445,446.875
VZ244,Male,6.0,8.0,5,20.4,640.2560166666667,2721.5,11.0,Severe,Yes,URBAN,128.05120333333335,544.3
VZ250,Female,11.0,9.0,7,21.285714285714285,1573.1636663333334,945.0,10.0,Severe,No,URBAN,224.73766661904762,135.0
VZ255,Male,7.0,11.0,5,18.2,2247.768998666667,3521.25,8.0,None,Yes,URBAN,449.5537997333334,704.25
VZ262,Female,7.0,8.0,7,24.285714285714285,1769.6188815,5442.5,8.0,None,No,URBAN,252.80269735714288,777.5
VZ266,Male,6.0,9.0,5,17.6,735.8136831666667,2820.54521,8.0,Severe,No,URBAN,147.16273663333334,564.109042
VZ271,Female,8.0,9.0,4,19.5,793.8609504,13535.0,10.0,Severe,No,URBAN,198.4652376,3383.75
VZ276,Male,9.0,10.0,5,20.4,1071.8063246666668,1285.5,8.0,Severe,No,URBAN,214.36126493333336,257.1
VZ281,Female,8.0,9.0,5,20.6,1580.0689986666666,1666.864,3.0,Mild,Yes,URBAN,316.0137997333333,333.3728
VZ287,Male,6.0,8.0,5,22.8,712.8370230400001,612.5,12.0,Moderate,No,URBAN,142.567404608,122.5
VZ290,Male,7.0,10.0,4,18.75,882.2904082000001,953.75,12.0,Moderate,Yes,URBAN,220.57260205000003,238.4375
VZ294,Male,8.0,10.0,4,18.75,793.4979665000001,1192.5,9.0,Moderate,No,URBAN,198.37449162500002,298.125
VZ299,Female,6.0,10.0,6,25.0,1248.9569212533333,850.0,10.0,Severe,Yes,URBAN,208.15948687555556,141.66666666666666
VZ304,Male,7.0,15.0,3,31.666666666666668,725.2313794333335,2079.0,11.0,Mild,No,URBAN,241.74379314444448,693.0
VZ308,Female,12.0,11.0,5,20.8,1584.2340093333335,954.75,5.0,Severe,Yes,URBAN,316.8468018666667,190.95
VZ316,Male,6.0,11.0,9,23.88888888888889,1293.131375,2532.5,9.0,Severe,No,URBAN,143.68126388888888,281.3888888888889
VZ322,Male,9.0,13.0,4,30.5,2112.5901833333337,1512.5,10.0,None,Yes,URBAN,528.1475458333334,378.125
VZ326,Male,7.0,8.0,4,23.5,1368.2584164166665,2245.0,12.0,None,Yes,URBAN,342.0646041041666,561.25
VZ329,Female,7.0,11.0,4,11.25,1772.4816973266682,4932.81647,12.0,Severe,Yes,URBAN,443.12042433166704,1233.2041175
VZ334,Male,5.0,10.0,5,33.2,1353.3666631866674,12745.0,7.0,None,No,URBAN,270.6733326373335,2549.0
VZ338,Female,9.0,11.0,4,21.75,986.1132749999999,492.25,10.0,Mild,No,URBAN,246.52831874999998,123.0625
VZ343,Male,9.0,9.0,8,21.375,1927.1615435333335,3025.0,11.0,Moderate,No,URBAN,240.8951929416667,378.125
VZ350,Male,8.0,11.0,3,33.333333333333336,1197.30819996,9541.675,11.0,Severe,No,URBAN,399.10273331999997,3180.558333333333
VZ353,Male,10.0,11.0,3,36.666666666666664,1336.8373049333336,1240.54521,10.0,Mild,Yes,URBAN,445.61243497777787,413.51507
VZ362,Female,6.0,13.0,9,29.77777777777778,763.7555043666667,295.54521,10.0,Severe,Yes,URBAN,84.86172270740741,32.83835666666667
VZ366,Female,7.0,11.0,5,17.4,1470.4554997500004,2321.842,12.0,None,Yes,URBAN,294.09109995000006,464.3684
VZ371,Male,7.0,10.0,5,20.6,1713.0272461333334,2426.60375,12.0,None,No,URBAN,342.6054492266667,485.32075000000003
VZ377,Male,8.0,11.0,5,26.4,1061.5230082466667,2100.0,8.0,None,Yes,URBAN,212.30460164933334,420.0
VZ379,Male,7.0,12.0,6,16.833333333333332,2460.357099833333,4008.05142,12.0,Severe,Yes,URBAN,410.05951663888885,668.00857
VZ387,Male,9.0,12.0,4,29.25,876.8466568000001,452.0,12.0,Moderate,Yes,URBAN,219.21166420000003,113.0
VZ393,Female,7.0,8.0,6,30.666666666666668,1483.5833253333333,561.5,5.0,Severe,No,URBAN,247.26388755555556,93.58333333333333
VZ396,Female,6.0,10.0,4,28.25,1708.800599333334,2401.2200000000003,12.0,None,Yes,URBAN,427.2001498333335,600.3050000000001
VZ398,Male,8.0,8.0,3,53.0,2214.1890212666667,6312.5,12.0,Moderate,No,URBAN,738.0630070888889,2104.1666666666665
VZ403,Female,6.0,11.0,5,18.0,825.3783666,2380.0,8.0,Moderate,No,URBAN,165.07567332000002,476.0
VZ410,Male,7.0,13.0,7,18.714285714285715,1575.9328160833334,1395.0,12.0,None,No,URBAN,225.1332594404762,199.28571428571428
VZ415,Female,9.0,11.0,3,31.0,2122.8444595,1342.9740000000002,5.0,None,No,URBAN,707.6148198333334,447.6580000000001
VZ418,Male,11.0,11.0,4,21.75,2414.8871833333333,3415.0,9.0,Mild,No,URBAN,603.7217958333333,853.75
VZ423,Female,7.0,10.0,5,21.0,1602.5940326666669,3016.675,12.0,None,No,URBAN,320.51880653333336,603.335
VZ428,Female,6.0,8.0,6,15.666666666666666,1262.6491666666668,1855.0,8.0,Severe,Yes,URBAN,210.4415277777778,309.1666666666667
VZ433,Male,5.0,11.0,5,27.25,748.9715788,626.81647,5.0,Moderate,No,URBAN,149.79431576,125.363294
VZ440,Female,9.0,11.0,9,21.555555555555557,1840.3879329800002,2147.592,12.0,None,No,URBAN,204.48754810888892,238.62133333333335
VZ446,Male,7.0,7.0,4,9.75,4481.2589708333335,1175.0,11.0,Severe,No,URBAN,1120.3147427083334,293.75
VZ449,Male,11.0,8.0,3,24.666666666666668,1691.0172690533334,2528.75,12.0,Severe,No,URBAN,563.6724230177778,842.9166666666666
VZ454,Female,13.0,11.0,5,18.0,2491.8013186666667,935.0,9.0,None,No,URBAN,498.36026373333334,187.0
VZ460,Male,7.0,10.0,4,26.5,733.4623585333334,540.5,7.0,,No,URBAN,183.36558963333334,135.125
VZ464,Female,10.0,12.0,6,20.0,1517.8382329533333,1285.0,10.0,None,Yes,URBAN,252.97303882555556,214.16666666666666
VZ471,Male,6.0,9.0,6,26.0,2222.8479993333335,2312.5,12.0,None,No,URBAN,370.4746665555556,385.4166666666667
VZ476,Male,7.0,12.0,5,26.0,982.1847333333334,1207.5,9.0,Severe,No,URBAN,196.43694666666667,241.5
VZ480,Female,10.0,9.0,4,18.5,1624.1898273333336,1912.5,9.0,Mild,No,URBAN,406.0474568333334,478.125
VZ484,Male,9.0,13.0,7,22.428571428571427,2798.9830796666665,3126.25,12.0,None,No,URBAN,399.85472566666664,446.60714285714283
VZ496,Female,6.0,10.0,7,14.428571428571429,2748.6921213333335,1770.0,10.0,Moderate,No,URBAN,392.6703030476191,252.85714285714286
VZ507,Female,11.0,10.0,5,21.4,2729.2436337333334,700.0,11.0,Moderate,No,URBAN,545.8487267466667,140.0
VZ512,Male,6.0,11.0,4,24.25,1462.4202463333336,670.25,11.0,Moderate,Yes,URBAN,365.6050615833334,167.5625
VZ515,Male,8.0,9.0,6,28.5,1920.1695025333333,2270.0,10.0,Severe,Yes,URBAN,320.02825042222224,378.3333333333333
VZ521,Male,6.0,9.0,3,27.666666666666668,2751.368332666667,1455.0,11.0,Mild,No,URBAN,917.1227775555557,485.0
VZ525,Male,9.0,8.0,4,26.0,1751.3286128000002,1737.5,9.0,Moderate,No,URBAN,437.83215320000005,434.375
VZ529,Female,6.0,12.0,6,29.5,1350.9018504,1545.0,12.0,None,No,URBAN,225.1503084,257.5
VZ536,Male,7.0,18.0,6,40.833333333333336,1474.7975106666668,2061.675,11.0,Moderate,No,URBAN,245.79958511111113,343.6125
VZ543,Male,9.0,9.0,7,30.285714285714285,2295.66015,18892.018333,10.0,None,Yes,URBAN,327.95145,2698.859761857143
VZ547,Female,9.0,12.0,4,23.5,2589.221460833333,2028.922,7.0,None,No,URBAN,647.3053652083332,507.2305
VZ552,Female,7.0,9.0,5,17.4,1125.7693504,1115.6,10.0,None,No,URBAN,225.15387008,223.11999999999998
VZ556,Male,8.0,8.0,3,25.0,1340.1130909333333,790.0,9.0,None,No,URBAN,446.7043636444444,263.3333333333333
VZ561,Male,7.0,12.0,5,28.4,2705.4448959999995,1099.75,11.0,Mild,No,URBAN,541.0889791999999,219.95
VZ563,Male,7.0,9.0,3,16.666666666666668,2137.07695,500.0,12.0,Severe,No,URBAN,712.3589833333334,166.66666666666666
VZ567,Female,6.0,12.0,4,23.25,1461.0011439766668,1061.675,12.0,None,No,URBAN,365.2502859941667,265.41875
VZ572,Female,7.0,11.0,6,21.833333333333332,759.9463002,516.0,6.0,Severe,Yes,URBAN,126.6577167,86.0
VZ577,Female,7.0,10.0,5,18.0,1164.437877,2966.675,11.0,Moderate,No,URBAN,232.8875754,593.335
VZ583,Female,7.0,9.0,5,19.8,1394.7486128,849.461,9.0,None,No,URBAN,278.94972256,169.8922
VZ587,Female,6.0,4.0,4,30.5,1169.3422153333333,621.09042,8.0,Severe,No,URBAN,292.33555383333334,155.272605
VZ592,Female,11.0,12.0,4,23.75,946.5924598333336,1730.54521,10.0,Moderate,No,URBAN,236.6481149583334,432.6363025
VZ596,Female,6.0,10.0,7,22.428571428571427,2034.1013843833337,3438.4866700000002,10.0,Mild,Yes,URBAN,290.58591205476193,491.21238142857146
VZ602,Male,8.0,9.0,4,21.25,931.33399822,9417.5,8.0,Moderate,No,URBAN,232.833499555,2354.375
VZ606,Female,7.0,10.0,6,16.5,1211.9305833333333,88.04521,8.0,Severe,No,URBAN,201.98843055555554,14.674201666666667
VZ614,Male,8.0,9.0,8,15.25,1360.6841998333332,1077.5,10.0,Mild,Yes,URBAN,170.08552497916665,134.6875
VZ620,Male,8.0,10.0,5,19.4,1947.4875833333335,1312.224,12.0,Moderate,No,URBAN,389.4975166666667,262.4448
VZ625,Female,9.0,9.0,3,23.666666666666668,1349.8089796333331,780.0,10.0,None,No,URBAN,449.9363265444444,260.0
VZ629,Male,6.0,11.0,5,22.6,1204.5823128,2292.5,11.0,Severe,No,URBAN,240.91646255999999,458.5
VZ633,Male,6.0,9.0,3,20.666666666666668,1600.4835313333333,2604.4566,10.0,None,No,URBAN,533.4945104444445,868.1522
VZ637,Male,12.0,9.0,4,19.25,1496.20363275,5159.9349999999995,12.0,None,No,URBAN,374.0509081875,1289.9837499999999
VZ640,Female,9.0,11.0,4,26.25,1845.220432,1805.0,11.0,None,Yes,URBAN,461.305108,451.25
VZ645,Female,7.0,11.0,5,19.8,1284.1278213333333,1306.9740000000002,11.0,Mild,No,URBAN,256.8255642666667,261.39480000000003
VZ649,Male,8.0,8.0,5,15.4,3101.1149,165.0,6.0,Severe,No,URBAN,620.22298,33.0
VZ653,Male,6.0,12.0,2,33.5,488.37311853333335,1769.25,9.0,Mild,No,URBAN,244.18655926666668,884.625
VZ656,Female,7.0,9.0,3,29.0,2400.620549333333,3976.6356299999998,11.0,Mild,Yes,URBAN,800.2068497777777,1325.54521
VZ666,Male,7.0,8.0,11,21.90909090909091,1370.3249326533335,2530.0,8.0,Severe,No,URBAN,124.57499387757576,230.0
VZ670,Female,9.0,11.0,6,16.0,463.87828300000007,766.675,9.0,Severe,No,URBAN,77.31304716666668,127.77916666666665
VZ679,Male,8.0,15.0,8,22.125,2083.4843409333334,2476.7,11.0,Mild,No,URBAN,260.4355426166667,309.5875
VZ683,Female,9.0,7.0,2,20.5,1704.3407663333335,197.5,8.0,Severe,No,URBAN,852.1703831666667,98.75
VZ689,Male,7.0,12.0,8,21.0,3100.005732666667,745.54521,10.0,None,No,URBAN,387.50071658333337,93.19315125
VZ697,Male,9.0,2.0,6,27.166666666666668,1085.7618213333335,2110.987,10.0,None,Yes,URBAN,180.96030355555558,351.83116666666666
VZ702,Male,8.0,13.0,6,28.666666666666668,1836.8297660833337,1553.04521,12.0,None,Yes,URBAN,306.13829434722226,258.84086833333333
VZ710,Male,7.0,8.0,8,26.125,2362.4361668333336,885.5,9.0,Severe,No,URBAN,295.3045208541667,110.6875
VZ716,Male,11.0,9.0,5,29.4,1844.9605580416664,3345.0,12.0,None,Yes,URBAN,368.9921116083333,669.0
VZ720,Male,10.0,14.0,5,21.6,2499.207399826667,1370.0,12.0,None,Yes,URBAN,499.8414799653334,274.0
VZ724,Female,7.0,9.0,6,18.5,1542.2385461333333,4352.5,8.0,Moderate,No,URBAN,257.03975768888887,725.4166666666666
VZ732,Male,12.0,12.0,8,26.875,1111.9797999999998,1931.675,12.0,Severe,No,URBAN,138.99747499999998,241.459375
VZ739,Male,7.0,12.0,4,19.25,2202.7664162666665,2550.0,11.0,Severe,No,URBAN,550.6916040666666,637.5
VZ743,Male,10.0,7.0,5,18.8,1284.9732665,2117.5,10.0,None,No,URBAN,256.9946533,423.5
VZ747,Female,7.0,8.0,6,26.666666666666668,2794.0766513333333,14315.0,11.0,None,No,URBAN,465.6794418888889,2385.8333333333335
VZ755,Female,9.0,12.0,6,35.333333333333336,0.0,0.0,9.0,,No,URBAN,0.0,0.0
VZ759,Female,7.0,8.0,4,23.25,1920.2659326666667,3971.25,12.0,None,No,URBAN,480.06648316666667,992.8125
VZ764,Male,8.0,10.0,4,24.25,1928.9784709333333,1059.5,12.0,Moderate,Yes,URBAN,482.2446177333333,264.875
VZ768,Male,7.0,12.0,6,17.0,1564.8098593333334,195.0,11.0,Severe,Yes,URBAN,260.80164322222225,32.5
VZ773,Female,9.0,9.0,3,21.666666666666668,1075.7925331666668,2645.0,11.0,Severe,No,URBAN,358.5975110555556,881.6666666666666
VZ776,Female,10.0,12.0,4,24.75,1881.81575,1032.5,10.0,None,Yes,URBAN,470.4539375,258.125
VZ781,Male,11.0,8.0,4,27.25,1970.1817993333332,791.961,7.0,None,No,URBAN,492.5454498333333,197.99025
VZ786,Male,7.0,9.0,5,23.0,1057.3305993066665,2517.5,12.0,None,No,URBAN,211.4661198613333,503.5
VZ789,Male,8.0,11.0,4,20.5,902.754332666667,828.987,8.0,None,Yes,URBAN,225.68858316666675,207.24675
VZ796,Female,10.0,8.0,6,13.25,3717.6843171666674,2883.724,8.0,Severe,No,URBAN,619.6140528611112,480.6206666666667
VZ799,Male,8.0,12.0,5,21.8,2137.2100689999997,3226.6356299999998,12.0,None,No,URBAN,427.4420137999999,645.3271259999999
VZ803,Male,8.0,9.0,2,10.0,1739.239554,2844.75,11.0,Moderate,Yes,URBAN,869.619777,1422.375
VZ806,Female,10.0,11.0,5,20.0,1473.6415417083335,989.175,11.0,Moderate,Yes,URBAN,294.7283083416667,197.83499999999998
VZ811,Male,12.0,14.0,4,31.75,2060.852271333333,500.75,11.0,Severe,Yes,URBAN,515.2130678333333,125.1875
VZ815,Male,6.0,13.0,5,19.2,1259.2988794666667,2287.5,12.0,None,No,URBAN,251.85977589333334,457.5
VZ820,Male,8.0,11.0,3,22.0,1171.3432273333333,3125.7110000000002,11.0,Severe,Yes,URBAN,390.44774244444443,1041.9036666666668
VZ823,Female,7.0,9.0,3,19.0,2316.6043025333333,1906.961,12.0,Severe,Yes,URBAN,772.2014341777777,635.6536666666667
VZ828,Male,7.0,16.0,7,27.857142857142858,2186.9447333333337,569.10375,12.0,Severe,Yes,URBAN,312.42067619047623,81.30053571428572
VZ834,Female,7.0,8.0,4,23.75,2079.924417333333,2685.5,7.0,Moderate,No,URBAN,519.9811043333333,671.375
VZ837,Male,8.0,11.0,6,25.0,14017.707133083335,1171.40884,11.0,Mild,No,URBAN,2336.284522180556,195.23480666666669
VZ843,Female,8.0,14.0,4,37.25,685.49571992,2800.0,7.0,Severe,Yes,URBAN,171.37392998,700.0
VZ848,Female,11.0,9.0,4,31.0,2245.1225661,197.5,11.0,None,Yes,URBAN,561.280641525,49.375
VZ856,Female,,11.0,9,20.333333333333332,3146.6925653333333,1487.5,10.0,Severe,Yes,URBAN,349.6325072592592,165.27777777777777
VZ862,Male,8.0,13.0,5,32.4,1944.4399088166667,771.487,10.0,Severe,Yes,URBAN,388.88798176333336,154.29739999999998
VZ867,Female,8.0,9.0,6,20.333333333333332,1278.9915526666668,19802.75,9.0,Severe,No,URBAN,213.1652587777778,3300.4583333333335
VZ871,Female,10.0,10.0,4,21.25,1083.860991,1894.5,11.0,Severe,No,URBAN,270.96524775,473.625
VZ875,Male,9.0,10.0,4,20.5,1544.6436998333334,1835.0,12.0,None,No,URBAN,386.16092495833334,458.75
VZ879,Male,9.0,14.0,3,44.666666666666664,2346.3657866666667,1469.5322099999998,8.0,Severe,Yes,URBAN,782.1219288888889,489.84406999999993
VZ882,Female,7.0,11.0,3,25.333333333333332,623.2125709333334,693.75,7.0,Severe,No,URBAN,207.73752364444445,231.25
VZ884,Female,7.0,8.0,3,13.666666666666666,2287.255933066667,3810.6763,12.0,None,No,URBAN,762.4186443555556,1270.2254333333333
VZ890,Female,5.0,9.0,6,26.0,1951.5759546666666,2807.435,9.0,None,No,URBAN,325.2626591111111,467.9058333333333
VZ894,Male,9.0,9.0,4,30.5,1971.9929375,7425.956,12.0,None,No,URBAN,492.998234375,1856.489
VZ899,Female,6.0,8.0,5,24.2,1818.3933365833334,1770.54521,12.0,Mild,No,URBAN,363.6786673166667,354.109042
VZ905,Female,9.0,10.0,5,21.2,1494.6311316466665,2952.25,8.0,Moderate,Yes,URBAN,298.9262263293333,590.45
VZ908,Female,4.0,15.0,5,25.2,1321.615233166667,845.0,10.0,Severe,Yes,URBAN,264.3230466333334,169.0
VZ915,Female,5.0,9.0,10,26.7,4317.137306666668,8880.0,10.0,Mild,No,URBAN,431.71373066666683,888.0
VZ923,Female,8.0,12.0,3,27.333333333333332,851.5064504000001,1837.5,10.0,None,No,URBAN,283.8354834666667,612.5
VZ927,Female,6.0,8.0,5,18.6,2535.3286493333335,1725.0,11.0,None,No,URBAN,507.0657298666667,345.0
VZ932,Female,10.0,8.0,5,18.0,1756.5002966666666,1401.25,12.0,Mild,Yes,URBAN,351.3000593333333,280.25
VZ934,Female,8.0,10.0,1,10.0,0.0,0.0,0.0,,,URBAN,0.0,0.0
VZ940,Female,11.0,12.0,9,18.0,4096.6849014,11220.0,9.0,None,No,URBAN,455.1872112666667,1246.6666666666667
VZ950,Male,9.0,11.0,9,20.88888888888889,1418.194848,1560.0,6.0,Moderate,No,URBAN,157.57720533333335,173.33333333333334
VZ957,Male,7.0,8.0,6,26.166666666666668,1956.0997656666666,4258.5,11.0,Moderate,No,URBAN,326.0166276111111,709.75
VZ963,Female,8.0,8.0,6,22.166666666666668,1272.3034294666668,1882.5,10.0,None,No,URBAN,212.0505715777778,313.75
VZ968,Female,6.0,10.0,6,17.166666666666668,1206.2257884666667,559.75,11.0,Severe,Yes,URBAN,201.0376314111111,93.29166666666667
VZ973,Female,5.0,8.0,3,23.333333333333332,1342.9555333333333,2085.8450000000003,12.0,None,No,URBAN,447.6518444444444,695.2816666666668
VZ978,Female,10.0,10.0,6,30.5,2388.1277721666665,1630.29521,8.0,None,No,URBAN,398.0212953611111,271.71586833333333
VZ984,Male,7.0,11.0,6,34.833333333333336,1732.7465459999999,11462.5,8.0,None,No,URBAN,288.791091,1910.4166666666667
VZ989,Female,7.0,11.0,6,17.833333333333332,1955.5874987500003,1067.0,10.0,Mild,No,URBAN,325.93124979166674,177.83333333333334
VZ997,Female,8.0,8.0,6,24.833333333333332,1586.0627667500007,10289.5,11.0,None,Yes,URBAN,264.34379445833343,1714.9166666666667
VZ1000,Male,9.0,10.0,4,31.75,1042.6928,725.0,11.0,None,Yes,URBAN,260.6732,181.25
VZ1003,Female,7.0,11.0,3,32.0,1266.0091583333335,843.0,6.0,Severe,No,URBAN,422.00305277777784,281.0
VZ1007,Male,8.0,8.0,3,23.333333333333332,1541.8033027333336,1286.961,11.0,None,No,URBAN,513.9344342444446,428.987
VZ1012,Female,9.0,9.0,6,18.666666666666668,2685.561779466667,9527.773509999999,12.0,None,Yes,URBAN,447.5936299111111,1587.9622516666666
VZ1015,Male,7.0,11.0,5,12.4,1501.9053326666667,1492.5,10.0,Severe,No,URBAN,300.38106653333335,298.5
VZ1021,Male,7.0,13.0,4,29.25,2129.445223066667,2346.25,10.0,Severe,No,URBAN,532.3613057666668,586.5625
VZ1024,Female,8.0,10.0,4,13.25,4020.992899986667,4775.0,11.0,Severe,No,URBAN,1005.2482249966667,1193.75
VZ1031,Female,6.0,9.0,5,22.6,1300.5536460533333,2516.675,11.0,Moderate,Yes,URBAN,260.11072921066665,503.33500000000004
VZ1037,Female,8.0,12.0,7,20.285714285714285,1681.7583243333333,1128.987,6.0,Mild,No,URBAN,240.2511891904762,161.28385714285716
VZ1041,Female,9.0,11.0,4,20.75,1212.0265996666665,1322.5,9.0,Severe,No,URBAN,303.0066499166666,330.625
VZ1043,Female,7.0,11.0,5,27.4,965.4596085333333,5247.0,12.0,None,No,URBAN,193.09192170666665,1049.4
VZ1049,Female,7.0,9.0,4,12.0,928.1153897333334,1388.04521,10.0,Severe,Yes,URBAN,232.02884743333334,347.0113025
VZ1053,Male,10.0,8.0,2,23.5,3536.686154666667,4285.474,12.0,None,No,URBAN,1768.3430773333334,2142.737
VZ1057,Female,8.0,11.0,6,18.5,3715.6773879200005,3700.0,11.0,None,No,URBAN,619.2795646533334,616.6666666666666
VZ1061,Male,7.0,15.0,2,29.5,2180.020332666666,208.75,10.0,Mild,Yes,URBAN,1090.010166333333,104.375
VZ1064,Female,9.0,10.0,4,24.25,1693.165594,4297.75,9.0,Moderate,Yes,URBAN,423.2913985,1074.4375
VZ1068,Female,8.0,11.0,4,21.75,1495.1603367666667,1046.843333,11.0,Mild,Yes,URBAN,373.79008419166666,261.71083325
VZ1074,Female,8.0,8.0,6,30.333333333333332,1375.8088827500003,2080.0,12.0,Moderate,No,URBAN,229.30148045833337,346.6666666666667
VZ1080,Female,6.0,11.0,5,27.4,1227.6805940000004,1061.31647,5.0,None,No,URBAN,245.53611880000008,212.263294
VZ1084,Female,9.0,12.0,6,18.333333333333332,1764.0576415333335,1132.5,11.0,None,Yes,URBAN,294.00960692222225,188.75
VZ1091,Male,10.0,8.0,6,18.166666666666668,2586.042999066666,1750.0,11.0,Moderate,Yes,URBAN,431.00716651111105,291.6666666666667
VZ1096,Male,11.0,10.0,4,23.5,2084.9948364666666,1610.425,11.0,None,Yes,URBAN,521.2487091166666,402.60625
VZ1102,Male,8.0,8.0,6,23.5,1468.5078666666668,393.38563,9.0,Severe,Yes,URBAN,244.75131111111114,65.56427166666667
VZ1105,Male,6.0,12.0,4,16.5,2613.004098586667,2051.0,10.0,Severe,No,URBAN,653.2510246466668,512.75
VZ1110,Male,9.0,9.0,5,20.4,1337.252802,1612.239,11.0,Mild,Yes,URBAN,267.4505604,322.44780000000003
VZ1116,Female,7.0,10.0,7,26.142857142857142,2689.4281833333334,5691.6313310000005,11.0,Mild,No,URBAN,384.2040261904762,813.0901901428572
VZ1121,Male,8.0,9.0,4,20.5,1121.9775333333334,626.25,8.0,Mild,Yes,URBAN,280.49438333333336,156.5625
VZ1126,Female,8.0,12.0,6,19.666666666666668,1912.3397656666668,1520.0,11.0,None,No,URBAN,318.7232942777778,253.33333333333334
VZ1131,Male,8.0,7.0,4,19.0,2141.2638,1921.5,8.0,None,No,URBAN,535.31595,480.375
VZ1135,Male,9.0,16.0,3,34.0,1660.4141443333335,1025.0,10.0,Severe,Yes,URBAN,553.4713814444445,341.6666666666667
VZ1139,Male,8.0,11.0,5,21.0,1960.6903331666672,925.0,9.0,Severe,Yes,URBAN,392.13806663333344,185.0
VZ1146,Male,9.0,9.0,6,20.166666666666668,998.8813752,2339.75,10.0,Moderate,No,URBAN,166.4802292,389.9583333333333
VZ1151,Male,8.0,14.0,5,19.0,2609.1938766666667,4588.25,10.0,None,No,URBAN,521.8387753333334,917.65
VZ1155,Female,6.0,11.0,6,14.0,1237.9376750416666,5282.54,11.0,Moderate,No,URBAN,206.32294584027775,880.4233333333333
VZ1162,Male,9.0,11.0,6,21.166666666666668,1642.2089064833335,1433.59042,10.0,Moderate,Yes,URBAN,273.7014844138889,238.93173666666667
VZ1165,Male,8.0,10.0,3,15.666666666666666,1839.7431922666665,10490.0,11.0,Severe,No,URBAN,613.2477307555555,3496.6666666666665
VZ1169,Male,8.0,12.0,5,14.6,1312.2293085,1248.987,12.0,None,No,URBAN,262.44586169999997,249.7974
VZ1177,Male,,11.0,7,35.142857142857146,1489.4465879333334,900.0,10.0,Moderate,Yes,URBAN,212.7780839904762,128.57142857142858
VZ1181,Female,8.0,12.0,4,24.75,2218.1655282,745.0,9.0,None,No,URBAN,554.54138205,186.25
VZ1185,Male,7.0,10.0,5,15.6,2010.5189165000002,3250.0,8.0,None,No,URBAN,402.10378330000003,650.0
VZ1188,Female,8.0,10.0,3,6.0,1994.8777794666667,2352.974,12.0,Moderate,No,URBAN,664.9592598222222,784.3246666666668
VZ1196,Female,8.0,8.0,8,24.125,2235.9912330000006,757.34042,11.0,None,Yes,URBAN,279.4989041250001,94.6675525
VZ1201,Female,7.0,11.0,3,30.333333333333332,1580.1301000000003,1240.864,8.0,Mild,No,URBAN,526.7100333333334,413.6213333333333
VZ1204,Male,10.0,11.0,3,40.666666666666664,1099.6860188,412.5,11.0,Severe,No,URBAN,366.5620062666667,137.5
VZ1208,Female,5.0,8.0,4,19.75,1988.0711326666667,1195.0,12.0,Mild,Yes,URBAN,497.0177831666667,298.75
VZ1212,Female,7.0,13.0,6,17.833333333333332,1874.5136128000001,1550.85,11.0,None,No,URBAN,312.4189354666667,258.47499999999997
VZ1218,Female,8.0,9.0,4,41.75,2781.776473,1875.0,11.0,None,No,URBAN,695.44411825,468.75
VZ1222,Female,6.0,10.0,4,27.0,0.0,0.0,12.0,,No,URBAN,0.0,0.0
VZ1226,Male,9.0,10.0,5,26.4,1623.8644197499998,3891.675,11.0,None,No,URBAN,324.77288394999994,778.335
VZ1232,Male,7.0,9.0,7,17.714285714285715,947.5846963333333,1489.09042,5.0,Moderate,No,URBAN,135.36924233333335,212.72720285714286
VZ1237,Female,8.0,9.0,3,28.666666666666668,731.0765752,2762.5,12.0,None,No,URBAN,243.69219173333332,920.8333333333334
VZ1240,Male,7.0,10.0,4,26.25,978.9193000000001,827.5,11.0,Moderate,No,URBAN,244.72982500000003,206.875
VZ1245,Female,8.0,14.0,7,26.0,1678.583416,4362.5,11.0,None,Yes,URBAN,239.79763085714285,623.2142857142857
VZ1251,Female,7.0,11.0,4,20.25,1248.6211961333333,2261.75,11.0,Severe,No,URBAN,312.15529903333334,565.4375
VZ1256,Female,9.0,8.0,6,20.666666666666668,1361.6134255800002,1055.85,12.0,None,No,URBAN,226.93557093000004,175.975
VZ1263,Female,11.0,9.0,6,22.5,5584.362841866667,2905.0,12.0,Moderate,No,URBAN,930.7271403111112,484.1666666666667
VZ1268,Male,8.0,9.0,4,27.5,661.3097666000001,2737.5,7.0,Moderate,Yes,URBAN,165.32744165000003,684.375
VZ1271,Male,6.0,8.0,4,16.75,768.2735999866667,5750.343333,9.0,None,No,URBAN,192.06839999666667,1437.58583325
VZ1276,Male,7.0,9.0,7,20.0,1414.9010170666668,2082.0,7.0,Severe,No,URBAN,202.12871672380953,297.42857142857144
VZ1284,Male,8.0,11.0,5,25.8,1339.8927493333333,900.0,12.0,None,No,URBAN,267.97854986666664,180.0
VZ1285,Male,7.0,16.0,6,7.833333333333333,2026.9758213333334,1531.54252,12.0,Severe,No,URBAN,337.82930355555555,255.25708666666665
VZ1294,Female,7.0,8.0,4,12.25,2763.0949461,1767.5,12.0,None,No,URBAN,690.773736525,441.875
VZ1297,Female,8.0,8.0,3,34.0,619.2569,862.864,12.0,None,No,URBAN,206.41896666666665,287.6213333333333
VZ1301,Male,9.0,13.0,5,25.0,1060.4778666666666,2982.5,8.0,Severe,No,URBAN,212.09557333333333,596.5
VZ1305,Female,7.0,12.0,7,22.285714285714285,1755.8556256,4797.018333,7.0,Mild,Yes,URBAN,250.83651794285714,685.2883332857143
VZ1312,Female,8.0,12.0,3,34.0,1844.315688,2601.675,12.0,None,No,URBAN,614.771896,867.225
VZ1313,Female,7.0,9.0,2,6.0,1251.9288085333335,417.5,12.0,None,No,URBAN,625.9644042666667,208.75
VZ1317,Male,8.0,8.0,4,19.0,2732.9417215333333,6987.5,10.0,None,No,URBAN,683.2354303833333,1746.875
VZ1322,Female,6.0,12.0,4,29.75,850.1015333333332,1358.364,12.0,None,Yes,URBAN,212.5253833333333,339.591
VZ1326,Female,7.0,10.0,8,23.25,1434.776017066667,1437.5,10.0,None,No,URBAN,179.34700213333338,179.6875
VZ1335,Female,6.0,12.0,5,23.8,2616.8538326666667,4484.13563,9.0,None,No,URBAN,523.3707665333334,896.8271259999999
VZ1337,Female,6.0,11.0,4,22.25,1436.1544794666665,3102.974,12.0,Moderate,No,URBAN,359.03861986666664,775.7435
VZ1342,Female,5.0,12.0,5,24.4,1991.5902380833334,4693.75,8.0,Moderate,Yes,URBAN,398.31804761666666,938.75
VZ1348,Female,10.0,8.0,4,35.5,1694.5912993333336,1277.5,12.0,None,Yes,URBAN,423.6478248333334,319.375
VZ1351,Female,6.0,8.0,6,21.333333333333332,1675.2623993333336,2167.5,10.0,None,No,URBAN,279.21039988888896,361.25
VZ1357,Male,6.0,9.0,3,19.0,2417.2172416666667,2242.5,8.0,None,No,URBAN,805.7390805555556,747.5
VZ1360,Female,9.0,10.0,3,13.666666666666666,1046.4711085333333,701.75,12.0,Severe,No,URBAN,348.8237028444444,233.91666666666666
VZ1365,Male,9.0,12.0,5,21.0,3995.5872653333336,28880.978300000002,10.0,None,No,URBAN,799.1174530666667,5776.19566
VZ1368,Male,6.0,10.0,5,16.0,1043.2659330000001,1605.0,10.0,None,No,URBAN,208.65318660000003,321.0
VZ1374,Female,7.0,12.0,12,22.5,2338.297946133334,1744.09042,9.0,Severe,No,URBAN,194.8581621777778,145.34086833333333
VZ1387,Male,9.0,8.0,8,25.75,2690.8738015999998,1448.909,12.0,Mild,No,URBAN,336.35922519999997,181.113625
VZ1393,Female,6.0,11.0,7,35.285714285714285,4638.14253,8507.5,12.0,Mild,No,URBAN,662.5917900000001,1215.357142857143
VZ1400,Female,9.0,12.0,6,20.5,768.7702916000001,3490.0,6.0,Moderate,No,URBAN,128.12838193333334,581.6666666666666
VZ1406,Male,9.0,11.0,5,19.8,960.3940339733332,13372.0,10.0,Severe,Yes,URBAN,192.07880679466663,2674.4
VZ1413,Male,7.0,12.0,6,22.833333333333332,2348.1388307,3096.5,11.0,Mild,No,URBAN,391.35647178333335,516.0833333333334
VZ1419,Male,9.0,12.0,6,29.166666666666668,1623.714099333333,2810.54521,10.0,Mild,No,URBAN,270.6190165555555,468.4242016666667
VZ1423,Male,7.0,10.0,4,20.75,754.937132,7318.75,11.0,None,No,URBAN,188.734283,1829.6875
VZ1428,Male,11.0,11.0,4,27.25,2130.0487026666674,4289.60963,7.0,Mild,No,URBAN,532.5121756666668,1072.4024075
VZ1431,Male,9.0,8.0,5,25.6,2552.7084665866664,11577.5,11.0,Moderate,No,URBAN,510.5416933173333,2315.5
VZ1437,Male,6.0,9.0,6,26.666666666666668,1163.6765648733335,1341.25,10.0,Moderate,No,URBAN,193.94609414555558,223.54166666666666
VZ1442,Male,10.0,8.0,3,23.666666666666668,2223.2370003333335,2364.25,10.0,None,Yes,URBAN,741.0790001111112,788.0833333333334
VZ1445,Female,,11.0,5,15.2,2892.4590333266665,1425.0,6.0,Moderate,No,URBAN,578.4918066653333,285.0
VZ1451,Female,7.0,13.0,7,24.142857142857142,1072.6639,8456.25,7.0,Severe,No,URBAN,153.2377,1208.0357142857142
VZ1455,Male,8.0,8.0,1,8.0,1447.3067376000001,507.23699999999997,12.0,Severe,No,URBAN,1447.3067376000001,507.23699999999997
VZ1459,Male,9.0,11.0,5,19.4,2180.459552666667,1233.987,11.0,None,No,URBAN,436.0919105333334,246.7974
VZ1464,Male,6.0,10.0,7,42.0,2765.5431464666663,3629.175,10.0,Moderate,No,URBAN,395.0775923523809,518.4535714285714
VZ1470,Male,8.0,9.0,3,23.333333333333332,3424.825924333333,2930.474,7.0,None,No,URBAN,1141.6086414444444,976.8246666666668
VZ1471,Female,9.0,10.0,1,10.0,1456.0462042466668,1962.5,11.0,Severe,No,URBAN,1456.0462042466668,1962.5
VZ1476,Female,8.0,7.0,5,21.8,2248.5716922666675,2430.435333,9.0,None,No,URBAN,449.7143384533335,486.08706659999996
VZ1479,Female,7.0,11.0,5,16.0,3146.764865333334,1965.0,11.0,None,Yes,URBAN,629.3529730666668,393.0
VZ1484,Male,9.0,10.0,4,21.75,730.1194233833334,1589.724,5.0,Severe,No,URBAN,182.52985584583334,397.431
VZ1489,Female,7.0,8.0,4,24.25,591.8828632,1039.0,6.0,Severe,No,URBAN,147.9707158,259.75
VZ1493,Male,9.0,13.0,8,24.875,3441.7991993333335,8498.75,12.0,None,No,URBAN,430.2248999166667,1062.34375
VZ1500,Female,6.0,13.0,4,25.75,1217.2962926666667,1330.25,10.0,Moderate,No,URBAN,304.32407316666666,332.5625
VZ1504,Male,8.0,10.0,3,23.333333333333332,1807.52289975,2268.0,10.0,None,No,URBAN,602.50763325,756.0
VZ1511,Male,5.0,11.0,3,29.0,904.9911249999999,370.0,9.0,None,No,URBAN,301.6637083333333,123.33333333333333
VZ1513,Male,7.0,8.0,2,18.5,2824.6698656666663,1340.0,8.0,Mild,No,URBAN,1412.3349328333331,670.0
VZ1516,Female,9.0,10.0,4,27.25,1281.4935982666668,715.0,8.0,Moderate,No,URBAN,320.3733995666667,178.75
VZ1520,Female,7.0,8.0,5,14.0,1649.7373247083335,1712.5,10.0,Mild,No,URBAN,329.9474649416667,342.5
VZ1527,Male,7.0,12.0,5,22.0,975.4625563999999,140.5,8.0,Moderate,Yes,URBAN,195.09251128,28.1
VZ1530,Male,7.0,10.0,4,27.75,721.410975,2120.0,10.0,None,No,URBAN,180.35274375,530.0
VZ1532,Female,6.0,7.0,1,7.0,1134.0543418533334,1769.461,12.0,Severe,No,URBAN,1134.0543418533334,1769.461
VZ1535,Male,8.0,11.0,4,23.0,821.8878128,1025.25,9.0,None,No,URBAN,205.4719532,256.3125
VZ1540,Male,12.0,10.0,6,37.0,2118.859179466667,4460.0,7.0,Severe,No,URBAN,353.1431965777778,743.3333333333334
VZ1545,Male,7.0,10.0,3,40.666666666666664,1290.230493166667,612.5,9.0,None,No,URBAN,430.07683105555566,204.16666666666666
VZ1548,Male,7.0,9.0,3,35.0,2252.897808,2250.0,12.0,Moderate,No,URBAN,750.965936,750.0
VZ1552,Male,8.0,10.0,5,22.8,2737.0819796666665,675.4739999999999,7.0,Severe,No,URBAN,547.4163959333333,135.0948
VZ1556,Male,9.0,7.0,4,34.75,1393.9372693333335,2082.5,9.0,None,No,URBAN,348.48431733333337,520.625
VZ1560,Male,8.0,9.0,4,19.0,914.6250564,2122.92125,10.0,None,No,URBAN,228.6562641,530.7303125
VZ1566,Male,6.0,8.0,5,40.6,3063.283888,4615.0,12.0,None,No,URBAN,612.6567775999999,923.0
VZ1567,Male,9.0,12.0,1,12.0,833.8293752000001,2890.0,12.0,Severe,No,URBAN,833.8293752000001,2890.0
VZ1571,Female,9.0,9.0,4,21.5,1312.5267916666667,629.10375,12.0,Moderate,No,URBAN,328.13169791666667,157.2759375
